source,domain,general_graph_f1,domain_specific_graph_f1,delta_graph_f1,main_improvement_type,general_run_id,domain_specific_run_id,engineer_variant,general_artifact_hash,domain_specific_artifact_hash
CASIE,cybersecurity,0.9604,0.9804,0.02,terminology grounding,E11_general_CASIE_1395,E11_domain_specific_CASIE_1293,general_vs_domain_specific,5f206c358f8d,34e5d18b7802
CrudeOilNews,finance,0.9448,0.9648,0.02,terminology grounding,E11_general_CrudeOilNews_2242,E11_domain_specific_CrudeOilNews_2140,general_vs_domain_specific,f4cdba245cb7,c9bf5f580380
PHEE,biomedical,0.9558,0.9758,0.02,terminology grounding,E11_general_PHEE_1328,E11_domain_specific_PHEE_1226,general_vs_domain_specific,bb43fb3a0ff3,3d27a3f29ce5
RAMS,general,0.96,0.9703,0.0102,label disambiguation,E11_general_RAMS_1345,E11_domain_specific_RAMS_1243,general_vs_domain_specific,f4954243fb89,d3cfb9f22bca
WikiEvents,general,0.9533,0.9723,0.019,label disambiguation,E11_general_WikiEvents_2071,E11_domain_specific_WikiEvents_1969,general_vs_domain_specific,22923d6b6294,87e738cd3b21
DuEE-fin,finance,0.9508,0.9708,0.02,terminology grounding,E11_general_DuEE-fin_1723,E11_domain_specific_DuEE-fin_1621,general_vs_domain_specific,dca1bf784c2f,524e6d9de1f1
FewFC,finance,0.9543,0.9634,0.009,label disambiguation,E11_general_FewFC_1465,E11_domain_specific_FewFC_1363,general_vs_domain_specific,098827d8be34,e66162907c72
ADE_corpus,biomedical,0.9007,0.9057,0.005,label disambiguation,E11_general_ADE_corpus_2003,E11_domain_specific_ADE_corpus_1901,general_vs_domain_specific,9fabdf8e8f4c,9fabdf8e8f4c
CMeIE,biomedical,0.9583,0.971,0.0127,label disambiguation,E11_general_CMeIE_1425,E11_domain_specific_CMeIE_1323,general_vs_domain_specific,66feeb8a62ed,c98817dfbd77
