source,task_type,strict_reachable_ratio,placeholder_collapsed_reachable_ratio,strict_reachable_count,placeholder_collapsed_reachable_count,primary_mode_used,placeholder_used_for_matching_only
CASIE,ee,1.0,1.0,48,48,strict_typed,False
CrudeOilNews,ee,0.8737864077669902,0.8737864077669902,90,90,strict_typed,False
PHEE,ee,1.0,1.0,32,32,strict_typed,False
RAMS,ee,0.7763819095477387,0.7763819095477387,309,309,strict_typed,False
WikiEvents,ee,0.4074074074074074,0.4074074074074074,33,33,strict_typed,False
DuEE-fin,ee,1.0,1.0,91,91,strict_typed,False
DuEE1.0,ee,1.0,1.0,217,217,strict_typed,False
FewFC,ee,1.0,1.0,29,29,strict_typed,False
ccf_law,ee,1.0,1.0,39,39,strict_typed,False
ADE_corpus,re,1.0,1.0,1,1,placeholder_collapsed_typed,True
GIDS,re,0.0,1.0,4,4,placeholder_collapsed_typed,True
NYT11,re,1.0,1.0,12,12,placeholder_collapsed_typed,True
New-York-Times-RE,re,0.041666666666666664,1.0,24,24,placeholder_collapsed_typed,True
SciERC,re,1.0,1.0,7,7,placeholder_collapsed_typed,True
SemEval2010_task8,re,0.9090909090909091,0.9090909090909091,10,10,placeholder_collapsed_typed,True
conll04,re,1.0,1.0,5,5,strict_typed,False
instructIE_en,re,0.8879310344827587,0.8879310344827587,103,103,strict_typed,False
kbp37,re,1.0,1.0,18,18,placeholder_collapsed_typed,True
CMeIE,re,1.0,1.0,53,53,strict_typed,False
COAE2016,re,1.0,1.0,9,9,placeholder_collapsed_typed,True
IPRE,re,0.8857142857142857,0.8857142857142857,31,31,placeholder_collapsed_typed,True
SKE2020,re,1.0,1.0,49,49,strict_typed,False
duIE_zh,re,0.0,0.0,0,0,strict_typed,False
instructIE_zh,re,0.8521739130434782,0.8521739130434782,98,98,strict_typed,False
