source,stage_name,artifact_path_or_id,artifact_hash,evaluation_protocol,frozen_gold_artifact_hash
CASIE,official_raw_score,in_memory:CASIE:official_raw_score,043957082a4ff349,submission_aligned_scope_v1,26bad3bb3f37a484
CASIE,deterministic_completion_score,in_memory:CASIE:deterministic_completion_score,34e184d825455f84,submission_aligned_scope_v1,26bad3bb3f37a484
CASIE,normalization_aligned_score,in_memory:CASIE:normalization_aligned_score,c0983ae68b70e631,submission_aligned_scope_v1,26bad3bb3f37a484
CASIE,final_gold_compatible_score,in_memory:CASIE:final_gold_compatible_score,d590f230c6feff8a,submission_aligned_scope_v1,26bad3bb3f37a484
CrudeOilNews,official_raw_score,in_memory:CrudeOilNews:official_raw_score,11734974fadcd3a5,submission_aligned_scope_v1,26bad3bb3f37a484
CrudeOilNews,deterministic_completion_score,in_memory:CrudeOilNews:deterministic_completion_score,e9d61e5ec853a89f,submission_aligned_scope_v1,26bad3bb3f37a484
CrudeOilNews,normalization_aligned_score,in_memory:CrudeOilNews:normalization_aligned_score,650d59c4c8fb686e,submission_aligned_scope_v1,26bad3bb3f37a484
CrudeOilNews,final_gold_compatible_score,in_memory:CrudeOilNews:final_gold_compatible_score,96445099f11df139,submission_aligned_scope_v1,26bad3bb3f37a484
PHEE,official_raw_score,in_memory:PHEE:official_raw_score,a068a3c111811cb5,submission_aligned_scope_v1,26bad3bb3f37a484
PHEE,deterministic_completion_score,in_memory:PHEE:deterministic_completion_score,52c1faa4598624d6,submission_aligned_scope_v1,26bad3bb3f37a484
PHEE,normalization_aligned_score,in_memory:PHEE:normalization_aligned_score,5837afd692dd316e,submission_aligned_scope_v1,26bad3bb3f37a484
PHEE,final_gold_compatible_score,in_memory:PHEE:final_gold_compatible_score,6569f7fe2f89d679,submission_aligned_scope_v1,26bad3bb3f37a484
RAMS,official_raw_score,in_memory:RAMS:official_raw_score,41230c72c1c3806b,submission_aligned_scope_v1,26bad3bb3f37a484
RAMS,deterministic_completion_score,in_memory:RAMS:deterministic_completion_score,71b99950c755a914,submission_aligned_scope_v1,26bad3bb3f37a484
RAMS,normalization_aligned_score,in_memory:RAMS:normalization_aligned_score,337d69e549ac8f27,submission_aligned_scope_v1,26bad3bb3f37a484
RAMS,final_gold_compatible_score,in_memory:RAMS:final_gold_compatible_score,6736a612dd61dfb9,submission_aligned_scope_v1,26bad3bb3f37a484
WikiEvents,official_raw_score,in_memory:WikiEvents:official_raw_score,611cac33123a22dc,submission_aligned_scope_v1,26bad3bb3f37a484
WikiEvents,deterministic_completion_score,in_memory:WikiEvents:deterministic_completion_score,cdf4f17946bea8c2,submission_aligned_scope_v1,26bad3bb3f37a484
WikiEvents,normalization_aligned_score,in_memory:WikiEvents:normalization_aligned_score,9bffd96d95010503,submission_aligned_scope_v1,26bad3bb3f37a484
WikiEvents,final_gold_compatible_score,in_memory:WikiEvents:final_gold_compatible_score,427244161447ed7f,submission_aligned_scope_v1,26bad3bb3f37a484
DuEE-fin,official_raw_score,in_memory:DuEE-fin:official_raw_score,53343cbf968a04bc,submission_aligned_scope_v1,26bad3bb3f37a484
DuEE-fin,deterministic_completion_score,in_memory:DuEE-fin:deterministic_completion_score,a9a52bcf797b4c95,submission_aligned_scope_v1,26bad3bb3f37a484
DuEE-fin,normalization_aligned_score,in_memory:DuEE-fin:normalization_aligned_score,06527cfecc686654,submission_aligned_scope_v1,26bad3bb3f37a484
DuEE-fin,final_gold_compatible_score,in_memory:DuEE-fin:final_gold_compatible_score,7ce56fb9cbcea4e9,submission_aligned_scope_v1,26bad3bb3f37a484
DuEE1.0,official_raw_score,in_memory:DuEE1.0:official_raw_score,1e8377ff0eb4e64e,submission_aligned_scope_v1,26bad3bb3f37a484
DuEE1.0,deterministic_completion_score,in_memory:DuEE1.0:deterministic_completion_score,396acc00834eae73,submission_aligned_scope_v1,26bad3bb3f37a484
DuEE1.0,normalization_aligned_score,in_memory:DuEE1.0:normalization_aligned_score,c6c1655864afa219,submission_aligned_scope_v1,26bad3bb3f37a484
DuEE1.0,final_gold_compatible_score,in_memory:DuEE1.0:final_gold_compatible_score,7914a5aabbafd159,submission_aligned_scope_v1,26bad3bb3f37a484
FewFC,official_raw_score,in_memory:FewFC:official_raw_score,b2a1d5e2a42e0fd6,submission_aligned_scope_v1,26bad3bb3f37a484
FewFC,deterministic_completion_score,in_memory:FewFC:deterministic_completion_score,828fcd7d4f9e678e,submission_aligned_scope_v1,26bad3bb3f37a484
FewFC,normalization_aligned_score,in_memory:FewFC:normalization_aligned_score,02fd0c172be5eaa3,submission_aligned_scope_v1,26bad3bb3f37a484
FewFC,final_gold_compatible_score,in_memory:FewFC:final_gold_compatible_score,211f5f0597d3d4d2,submission_aligned_scope_v1,26bad3bb3f37a484
ccf_law,official_raw_score,in_memory:ccf_law:official_raw_score,1e63bb084422b716,submission_aligned_scope_v1,26bad3bb3f37a484
ccf_law,deterministic_completion_score,in_memory:ccf_law:deterministic_completion_score,5c5e9773ddf5d154,submission_aligned_scope_v1,26bad3bb3f37a484
ccf_law,normalization_aligned_score,in_memory:ccf_law:normalization_aligned_score,25cd4d3bac831a4b,submission_aligned_scope_v1,26bad3bb3f37a484
ccf_law,final_gold_compatible_score,in_memory:ccf_law:final_gold_compatible_score,0ba031474e553655,submission_aligned_scope_v1,26bad3bb3f37a484
ADE_corpus,official_raw_score,in_memory:ADE_corpus:official_raw_score,716953b330eadc5b,submission_aligned_scope_v1,26bad3bb3f37a484
ADE_corpus,deterministic_completion_score,in_memory:ADE_corpus:deterministic_completion_score,bb7fff5fdc163696,submission_aligned_scope_v1,26bad3bb3f37a484
ADE_corpus,normalization_aligned_score,in_memory:ADE_corpus:normalization_aligned_score,f42f912c55269599,submission_aligned_scope_v1,26bad3bb3f37a484
ADE_corpus,final_gold_compatible_score,in_memory:ADE_corpus:final_gold_compatible_score,690709d5da628f0d,submission_aligned_scope_v1,26bad3bb3f37a484
GIDS,official_raw_score,in_memory:GIDS:official_raw_score,d1a073e779bc2c9c,submission_aligned_scope_v1,26bad3bb3f37a484
GIDS,deterministic_completion_score,in_memory:GIDS:deterministic_completion_score,aa23a753dc71bff7,submission_aligned_scope_v1,26bad3bb3f37a484
GIDS,normalization_aligned_score,in_memory:GIDS:normalization_aligned_score,2c1c981329a18579,submission_aligned_scope_v1,26bad3bb3f37a484
GIDS,final_gold_compatible_score,in_memory:GIDS:final_gold_compatible_score,6a133ba5b4ec4031,submission_aligned_scope_v1,26bad3bb3f37a484
NYT11,official_raw_score,in_memory:NYT11:official_raw_score,46670740cc8895a4,submission_aligned_scope_v1,26bad3bb3f37a484
NYT11,deterministic_completion_score,in_memory:NYT11:deterministic_completion_score,0341c3d98c137d8e,submission_aligned_scope_v1,26bad3bb3f37a484
NYT11,normalization_aligned_score,in_memory:NYT11:normalization_aligned_score,2db8799fcfca8883,submission_aligned_scope_v1,26bad3bb3f37a484
NYT11,final_gold_compatible_score,in_memory:NYT11:final_gold_compatible_score,6fead995d91d80f0,submission_aligned_scope_v1,26bad3bb3f37a484
New-York-Times-RE,official_raw_score,in_memory:New-York-Times-RE:official_raw_score,00fe67222cd31584,submission_aligned_scope_v1,26bad3bb3f37a484
New-York-Times-RE,deterministic_completion_score,in_memory:New-York-Times-RE:deterministic_completion_score,14887a6912a99fc6,submission_aligned_scope_v1,26bad3bb3f37a484
New-York-Times-RE,normalization_aligned_score,in_memory:New-York-Times-RE:normalization_aligned_score,31188e193a4b4550,submission_aligned_scope_v1,26bad3bb3f37a484
New-York-Times-RE,final_gold_compatible_score,in_memory:New-York-Times-RE:final_gold_compatible_score,9740c508e260f624,submission_aligned_scope_v1,26bad3bb3f37a484
SciERC,official_raw_score,in_memory:SciERC:official_raw_score,38916410c7fe6658,submission_aligned_scope_v1,26bad3bb3f37a484
SciERC,deterministic_completion_score,in_memory:SciERC:deterministic_completion_score,7be40a7ce027c7d9,submission_aligned_scope_v1,26bad3bb3f37a484
SciERC,normalization_aligned_score,in_memory:SciERC:normalization_aligned_score,c9dc696fc7aea118,submission_aligned_scope_v1,26bad3bb3f37a484
SciERC,final_gold_compatible_score,in_memory:SciERC:final_gold_compatible_score,10c64c40f67270b8,submission_aligned_scope_v1,26bad3bb3f37a484
SemEval2010_task8,official_raw_score,in_memory:SemEval2010_task8:official_raw_score,7a197d3af7ab27d5,submission_aligned_scope_v1,26bad3bb3f37a484
SemEval2010_task8,deterministic_completion_score,in_memory:SemEval2010_task8:deterministic_completion_score,cf7c5e4c7de2316a,submission_aligned_scope_v1,26bad3bb3f37a484
SemEval2010_task8,normalization_aligned_score,in_memory:SemEval2010_task8:normalization_aligned_score,4d9345441379db71,submission_aligned_scope_v1,26bad3bb3f37a484
SemEval2010_task8,final_gold_compatible_score,in_memory:SemEval2010_task8:final_gold_compatible_score,eb4fcc1591c8ff90,submission_aligned_scope_v1,26bad3bb3f37a484
conll04,official_raw_score,in_memory:conll04:official_raw_score,0374c3d4df5fe063,submission_aligned_scope_v1,26bad3bb3f37a484
conll04,deterministic_completion_score,in_memory:conll04:deterministic_completion_score,7b4eec6493de437b,submission_aligned_scope_v1,26bad3bb3f37a484
conll04,normalization_aligned_score,in_memory:conll04:normalization_aligned_score,ca314338ca3f9c54,submission_aligned_scope_v1,26bad3bb3f37a484
conll04,final_gold_compatible_score,in_memory:conll04:final_gold_compatible_score,073a542a3835d535,submission_aligned_scope_v1,26bad3bb3f37a484
instructIE_en,official_raw_score,in_memory:instructIE_en:official_raw_score,6741508deffd6430,submission_aligned_scope_v1,26bad3bb3f37a484
instructIE_en,deterministic_completion_score,in_memory:instructIE_en:deterministic_completion_score,c03da61f49245e5a,submission_aligned_scope_v1,26bad3bb3f37a484
instructIE_en,normalization_aligned_score,in_memory:instructIE_en:normalization_aligned_score,9005fda82ffc4795,submission_aligned_scope_v1,26bad3bb3f37a484
instructIE_en,final_gold_compatible_score,in_memory:instructIE_en:final_gold_compatible_score,b9cd610c3fd184d5,submission_aligned_scope_v1,26bad3bb3f37a484
kbp37,official_raw_score,in_memory:kbp37:official_raw_score,644ecdcb1026e6fb,submission_aligned_scope_v1,26bad3bb3f37a484
kbp37,deterministic_completion_score,in_memory:kbp37:deterministic_completion_score,03a10f9ff871effd,submission_aligned_scope_v1,26bad3bb3f37a484
kbp37,normalization_aligned_score,in_memory:kbp37:normalization_aligned_score,ed0fa01c91d7914e,submission_aligned_scope_v1,26bad3bb3f37a484
kbp37,final_gold_compatible_score,in_memory:kbp37:final_gold_compatible_score,24766c63fd5d7273,submission_aligned_scope_v1,26bad3bb3f37a484
CMeIE,official_raw_score,in_memory:CMeIE:official_raw_score,9313afa7750d08d6,submission_aligned_scope_v1,26bad3bb3f37a484
CMeIE,deterministic_completion_score,in_memory:CMeIE:deterministic_completion_score,53a68ea37bb9936a,submission_aligned_scope_v1,26bad3bb3f37a484
CMeIE,normalization_aligned_score,in_memory:CMeIE:normalization_aligned_score,54506bfbe0986dc2,submission_aligned_scope_v1,26bad3bb3f37a484
CMeIE,final_gold_compatible_score,in_memory:CMeIE:final_gold_compatible_score,da1e71bea62a4114,submission_aligned_scope_v1,26bad3bb3f37a484
COAE2016,official_raw_score,in_memory:COAE2016:official_raw_score,02926b5ee41f45ad,submission_aligned_scope_v1,26bad3bb3f37a484
COAE2016,deterministic_completion_score,in_memory:COAE2016:deterministic_completion_score,da8ba6e1d075b996,submission_aligned_scope_v1,26bad3bb3f37a484
COAE2016,normalization_aligned_score,in_memory:COAE2016:normalization_aligned_score,ecf90f988e20b080,submission_aligned_scope_v1,26bad3bb3f37a484
COAE2016,final_gold_compatible_score,in_memory:COAE2016:final_gold_compatible_score,1312f42bb6ef2973,submission_aligned_scope_v1,26bad3bb3f37a484
IPRE,official_raw_score,in_memory:IPRE:official_raw_score,a5d791e50d96d0c5,submission_aligned_scope_v1,26bad3bb3f37a484
IPRE,deterministic_completion_score,in_memory:IPRE:deterministic_completion_score,43e5bc6dc2c5992f,submission_aligned_scope_v1,26bad3bb3f37a484
IPRE,normalization_aligned_score,in_memory:IPRE:normalization_aligned_score,73270eedeb189392,submission_aligned_scope_v1,26bad3bb3f37a484
IPRE,final_gold_compatible_score,in_memory:IPRE:final_gold_compatible_score,fa199dce3d37e45d,submission_aligned_scope_v1,26bad3bb3f37a484
SKE2020,official_raw_score,in_memory:SKE2020:official_raw_score,28a62d88e7305713,submission_aligned_scope_v1,26bad3bb3f37a484
SKE2020,deterministic_completion_score,in_memory:SKE2020:deterministic_completion_score,1428baaf0564eea1,submission_aligned_scope_v1,26bad3bb3f37a484
SKE2020,normalization_aligned_score,in_memory:SKE2020:normalization_aligned_score,f0004c4a262b2a56,submission_aligned_scope_v1,26bad3bb3f37a484
SKE2020,final_gold_compatible_score,in_memory:SKE2020:final_gold_compatible_score,b81bc81e891c03e2,submission_aligned_scope_v1,26bad3bb3f37a484
duIE_zh,official_raw_score,in_memory:duIE_zh:official_raw_score,3c1e87fda253677c,submission_aligned_scope_v1,26bad3bb3f37a484
duIE_zh,deterministic_completion_score,in_memory:duIE_zh:deterministic_completion_score,d847e7c5d8d91bf0,submission_aligned_scope_v1,26bad3bb3f37a484
duIE_zh,normalization_aligned_score,in_memory:duIE_zh:normalization_aligned_score,8351f208c1a586e4,submission_aligned_scope_v1,26bad3bb3f37a484
duIE_zh,final_gold_compatible_score,in_memory:duIE_zh:final_gold_compatible_score,fb600d198afbb9cc,submission_aligned_scope_v1,26bad3bb3f37a484
instructIE_zh,official_raw_score,in_memory:instructIE_zh:official_raw_score,c79735bca9471128,submission_aligned_scope_v1,26bad3bb3f37a484
instructIE_zh,deterministic_completion_score,in_memory:instructIE_zh:deterministic_completion_score,e0686cbe4d8aca3b,submission_aligned_scope_v1,26bad3bb3f37a484
instructIE_zh,normalization_aligned_score,in_memory:instructIE_zh:normalization_aligned_score,7da1fc1e51964a46,submission_aligned_scope_v1,26bad3bb3f37a484
instructIE_zh,final_gold_compatible_score,in_memory:instructIE_zh:final_gold_compatible_score,ac769f223522c1c9,submission_aligned_scope_v1,26bad3bb3f37a484
