source,method,target_variant,evaluation_protocol,frozen_gold_artifact_hash,cache_key
CASIE,llm_only,full_normalized_gold,submission_aligned_scope_v1,26bad3bb3f37a484,CASIE|llm_only|full_normalized_gold|submission_aligned_scope_v1|26bad3bb3f37a484
CrudeOilNews,llm_only,full_normalized_gold,submission_aligned_scope_v1,26bad3bb3f37a484,CrudeOilNews|llm_only|full_normalized_gold|submission_aligned_scope_v1|26bad3bb3f37a484
PHEE,llm_only,full_normalized_gold,submission_aligned_scope_v1,26bad3bb3f37a484,PHEE|llm_only|full_normalized_gold|submission_aligned_scope_v1|26bad3bb3f37a484
RAMS,llm_only,full_normalized_gold,submission_aligned_scope_v1,26bad3bb3f37a484,RAMS|llm_only|full_normalized_gold|submission_aligned_scope_v1|26bad3bb3f37a484
WikiEvents,llm_only,full_normalized_gold,submission_aligned_scope_v1,26bad3bb3f37a484,WikiEvents|llm_only|full_normalized_gold|submission_aligned_scope_v1|26bad3bb3f37a484
DuEE-fin,llm_only,full_normalized_gold,submission_aligned_scope_v1,26bad3bb3f37a484,DuEE-fin|llm_only|full_normalized_gold|submission_aligned_scope_v1|26bad3bb3f37a484
DuEE1.0,llm_only,full_normalized_gold,submission_aligned_scope_v1,26bad3bb3f37a484,DuEE1.0|llm_only|full_normalized_gold|submission_aligned_scope_v1|26bad3bb3f37a484
FewFC,llm_only,full_normalized_gold,submission_aligned_scope_v1,26bad3bb3f37a484,FewFC|llm_only|full_normalized_gold|submission_aligned_scope_v1|26bad3bb3f37a484
ccf_law,llm_only,full_normalized_gold,submission_aligned_scope_v1,26bad3bb3f37a484,ccf_law|llm_only|full_normalized_gold|submission_aligned_scope_v1|26bad3bb3f37a484
ADE_corpus,llm_only,full_normalized_gold,submission_aligned_scope_v1,26bad3bb3f37a484,ADE_corpus|llm_only|full_normalized_gold|submission_aligned_scope_v1|26bad3bb3f37a484
GIDS,llm_only,full_normalized_gold,submission_aligned_scope_v1,26bad3bb3f37a484,GIDS|llm_only|full_normalized_gold|submission_aligned_scope_v1|26bad3bb3f37a484
NYT11,llm_only,full_normalized_gold,submission_aligned_scope_v1,26bad3bb3f37a484,NYT11|llm_only|full_normalized_gold|submission_aligned_scope_v1|26bad3bb3f37a484
New-York-Times-RE,llm_only,full_normalized_gold,submission_aligned_scope_v1,26bad3bb3f37a484,New-York-Times-RE|llm_only|full_normalized_gold|submission_aligned_scope_v1|26bad3bb3f37a484
SciERC,llm_only,full_normalized_gold,submission_aligned_scope_v1,26bad3bb3f37a484,SciERC|llm_only|full_normalized_gold|submission_aligned_scope_v1|26bad3bb3f37a484
SemEval2010_task8,llm_only,full_normalized_gold,submission_aligned_scope_v1,26bad3bb3f37a484,SemEval2010_task8|llm_only|full_normalized_gold|submission_aligned_scope_v1|26bad3bb3f37a484
conll04,llm_only,full_normalized_gold,submission_aligned_scope_v1,26bad3bb3f37a484,conll04|llm_only|full_normalized_gold|submission_aligned_scope_v1|26bad3bb3f37a484
instructIE_en,llm_only,full_normalized_gold,submission_aligned_scope_v1,26bad3bb3f37a484,instructIE_en|llm_only|full_normalized_gold|submission_aligned_scope_v1|26bad3bb3f37a484
kbp37,llm_only,full_normalized_gold,submission_aligned_scope_v1,26bad3bb3f37a484,kbp37|llm_only|full_normalized_gold|submission_aligned_scope_v1|26bad3bb3f37a484
CMeIE,llm_only,full_normalized_gold,submission_aligned_scope_v1,26bad3bb3f37a484,CMeIE|llm_only|full_normalized_gold|submission_aligned_scope_v1|26bad3bb3f37a484
COAE2016,llm_only,full_normalized_gold,submission_aligned_scope_v1,26bad3bb3f37a484,COAE2016|llm_only|full_normalized_gold|submission_aligned_scope_v1|26bad3bb3f37a484
IPRE,llm_only,full_normalized_gold,submission_aligned_scope_v1,26bad3bb3f37a484,IPRE|llm_only|full_normalized_gold|submission_aligned_scope_v1|26bad3bb3f37a484
SKE2020,llm_only,full_normalized_gold,submission_aligned_scope_v1,26bad3bb3f37a484,SKE2020|llm_only|full_normalized_gold|submission_aligned_scope_v1|26bad3bb3f37a484
duIE_zh,llm_only,full_normalized_gold,submission_aligned_scope_v1,26bad3bb3f37a484,duIE_zh|llm_only|full_normalized_gold|submission_aligned_scope_v1|26bad3bb3f37a484
instructIE_zh,llm_only,full_normalized_gold,submission_aligned_scope_v1,26bad3bb3f37a484,instructIE_zh|llm_only|full_normalized_gold|submission_aligned_scope_v1|26bad3bb3f37a484
CASIE,eta,full_normalized_gold,submission_aligned_scope_v1,26bad3bb3f37a484,CASIE|eta|full_normalized_gold|submission_aligned_scope_v1|26bad3bb3f37a484
CrudeOilNews,eta,full_normalized_gold,submission_aligned_scope_v1,26bad3bb3f37a484,CrudeOilNews|eta|full_normalized_gold|submission_aligned_scope_v1|26bad3bb3f37a484
PHEE,eta,full_normalized_gold,submission_aligned_scope_v1,26bad3bb3f37a484,PHEE|eta|full_normalized_gold|submission_aligned_scope_v1|26bad3bb3f37a484
RAMS,eta,full_normalized_gold,submission_aligned_scope_v1,26bad3bb3f37a484,RAMS|eta|full_normalized_gold|submission_aligned_scope_v1|26bad3bb3f37a484
WikiEvents,eta,full_normalized_gold,submission_aligned_scope_v1,26bad3bb3f37a484,WikiEvents|eta|full_normalized_gold|submission_aligned_scope_v1|26bad3bb3f37a484
DuEE-fin,eta,full_normalized_gold,submission_aligned_scope_v1,26bad3bb3f37a484,DuEE-fin|eta|full_normalized_gold|submission_aligned_scope_v1|26bad3bb3f37a484
DuEE1.0,eta,full_normalized_gold,submission_aligned_scope_v1,26bad3bb3f37a484,DuEE1.0|eta|full_normalized_gold|submission_aligned_scope_v1|26bad3bb3f37a484
FewFC,eta,full_normalized_gold,submission_aligned_scope_v1,26bad3bb3f37a484,FewFC|eta|full_normalized_gold|submission_aligned_scope_v1|26bad3bb3f37a484
ccf_law,eta,full_normalized_gold,submission_aligned_scope_v1,26bad3bb3f37a484,ccf_law|eta|full_normalized_gold|submission_aligned_scope_v1|26bad3bb3f37a484
ADE_corpus,eta,full_normalized_gold,submission_aligned_scope_v1,26bad3bb3f37a484,ADE_corpus|eta|full_normalized_gold|submission_aligned_scope_v1|26bad3bb3f37a484
GIDS,eta,full_normalized_gold,submission_aligned_scope_v1,26bad3bb3f37a484,GIDS|eta|full_normalized_gold|submission_aligned_scope_v1|26bad3bb3f37a484
NYT11,eta,full_normalized_gold,submission_aligned_scope_v1,26bad3bb3f37a484,NYT11|eta|full_normalized_gold|submission_aligned_scope_v1|26bad3bb3f37a484
New-York-Times-RE,eta,full_normalized_gold,submission_aligned_scope_v1,26bad3bb3f37a484,New-York-Times-RE|eta|full_normalized_gold|submission_aligned_scope_v1|26bad3bb3f37a484
SciERC,eta,full_normalized_gold,submission_aligned_scope_v1,26bad3bb3f37a484,SciERC|eta|full_normalized_gold|submission_aligned_scope_v1|26bad3bb3f37a484
SemEval2010_task8,eta,full_normalized_gold,submission_aligned_scope_v1,26bad3bb3f37a484,SemEval2010_task8|eta|full_normalized_gold|submission_aligned_scope_v1|26bad3bb3f37a484
conll04,eta,full_normalized_gold,submission_aligned_scope_v1,26bad3bb3f37a484,conll04|eta|full_normalized_gold|submission_aligned_scope_v1|26bad3bb3f37a484
instructIE_en,eta,full_normalized_gold,submission_aligned_scope_v1,26bad3bb3f37a484,instructIE_en|eta|full_normalized_gold|submission_aligned_scope_v1|26bad3bb3f37a484
kbp37,eta,full_normalized_gold,submission_aligned_scope_v1,26bad3bb3f37a484,kbp37|eta|full_normalized_gold|submission_aligned_scope_v1|26bad3bb3f37a484
CMeIE,eta,full_normalized_gold,submission_aligned_scope_v1,26bad3bb3f37a484,CMeIE|eta|full_normalized_gold|submission_aligned_scope_v1|26bad3bb3f37a484
COAE2016,eta,full_normalized_gold,submission_aligned_scope_v1,26bad3bb3f37a484,COAE2016|eta|full_normalized_gold|submission_aligned_scope_v1|26bad3bb3f37a484
IPRE,eta,full_normalized_gold,submission_aligned_scope_v1,26bad3bb3f37a484,IPRE|eta|full_normalized_gold|submission_aligned_scope_v1|26bad3bb3f37a484
SKE2020,eta,full_normalized_gold,submission_aligned_scope_v1,26bad3bb3f37a484,SKE2020|eta|full_normalized_gold|submission_aligned_scope_v1|26bad3bb3f37a484
duIE_zh,eta,full_normalized_gold,submission_aligned_scope_v1,26bad3bb3f37a484,duIE_zh|eta|full_normalized_gold|submission_aligned_scope_v1|26bad3bb3f37a484
instructIE_zh,eta,full_normalized_gold,submission_aligned_scope_v1,26bad3bb3f37a484,instructIE_zh|eta|full_normalized_gold|submission_aligned_scope_v1|26bad3bb3f37a484
CASIE,scion_lite,full_normalized_gold,submission_aligned_scope_v1,26bad3bb3f37a484,CASIE|scion_lite|full_normalized_gold|submission_aligned_scope_v1|26bad3bb3f37a484
CrudeOilNews,scion_lite,full_normalized_gold,submission_aligned_scope_v1,26bad3bb3f37a484,CrudeOilNews|scion_lite|full_normalized_gold|submission_aligned_scope_v1|26bad3bb3f37a484
PHEE,scion_lite,full_normalized_gold,submission_aligned_scope_v1,26bad3bb3f37a484,PHEE|scion_lite|full_normalized_gold|submission_aligned_scope_v1|26bad3bb3f37a484
RAMS,scion_lite,full_normalized_gold,submission_aligned_scope_v1,26bad3bb3f37a484,RAMS|scion_lite|full_normalized_gold|submission_aligned_scope_v1|26bad3bb3f37a484
WikiEvents,scion_lite,full_normalized_gold,submission_aligned_scope_v1,26bad3bb3f37a484,WikiEvents|scion_lite|full_normalized_gold|submission_aligned_scope_v1|26bad3bb3f37a484
DuEE-fin,scion_lite,full_normalized_gold,submission_aligned_scope_v1,26bad3bb3f37a484,DuEE-fin|scion_lite|full_normalized_gold|submission_aligned_scope_v1|26bad3bb3f37a484
DuEE1.0,scion_lite,full_normalized_gold,submission_aligned_scope_v1,26bad3bb3f37a484,DuEE1.0|scion_lite|full_normalized_gold|submission_aligned_scope_v1|26bad3bb3f37a484
FewFC,scion_lite,full_normalized_gold,submission_aligned_scope_v1,26bad3bb3f37a484,FewFC|scion_lite|full_normalized_gold|submission_aligned_scope_v1|26bad3bb3f37a484
ccf_law,scion_lite,full_normalized_gold,submission_aligned_scope_v1,26bad3bb3f37a484,ccf_law|scion_lite|full_normalized_gold|submission_aligned_scope_v1|26bad3bb3f37a484
ADE_corpus,scion_lite,full_normalized_gold,submission_aligned_scope_v1,26bad3bb3f37a484,ADE_corpus|scion_lite|full_normalized_gold|submission_aligned_scope_v1|26bad3bb3f37a484
GIDS,scion_lite,full_normalized_gold,submission_aligned_scope_v1,26bad3bb3f37a484,GIDS|scion_lite|full_normalized_gold|submission_aligned_scope_v1|26bad3bb3f37a484
NYT11,scion_lite,full_normalized_gold,submission_aligned_scope_v1,26bad3bb3f37a484,NYT11|scion_lite|full_normalized_gold|submission_aligned_scope_v1|26bad3bb3f37a484
New-York-Times-RE,scion_lite,full_normalized_gold,submission_aligned_scope_v1,26bad3bb3f37a484,New-York-Times-RE|scion_lite|full_normalized_gold|submission_aligned_scope_v1|26bad3bb3f37a484
SciERC,scion_lite,full_normalized_gold,submission_aligned_scope_v1,26bad3bb3f37a484,SciERC|scion_lite|full_normalized_gold|submission_aligned_scope_v1|26bad3bb3f37a484
SemEval2010_task8,scion_lite,full_normalized_gold,submission_aligned_scope_v1,26bad3bb3f37a484,SemEval2010_task8|scion_lite|full_normalized_gold|submission_aligned_scope_v1|26bad3bb3f37a484
conll04,scion_lite,full_normalized_gold,submission_aligned_scope_v1,26bad3bb3f37a484,conll04|scion_lite|full_normalized_gold|submission_aligned_scope_v1|26bad3bb3f37a484
instructIE_en,scion_lite,full_normalized_gold,submission_aligned_scope_v1,26bad3bb3f37a484,instructIE_en|scion_lite|full_normalized_gold|submission_aligned_scope_v1|26bad3bb3f37a484
kbp37,scion_lite,full_normalized_gold,submission_aligned_scope_v1,26bad3bb3f37a484,kbp37|scion_lite|full_normalized_gold|submission_aligned_scope_v1|26bad3bb3f37a484
CMeIE,scion_lite,full_normalized_gold,submission_aligned_scope_v1,26bad3bb3f37a484,CMeIE|scion_lite|full_normalized_gold|submission_aligned_scope_v1|26bad3bb3f37a484
COAE2016,scion_lite,full_normalized_gold,submission_aligned_scope_v1,26bad3bb3f37a484,COAE2016|scion_lite|full_normalized_gold|submission_aligned_scope_v1|26bad3bb3f37a484
IPRE,scion_lite,full_normalized_gold,submission_aligned_scope_v1,26bad3bb3f37a484,IPRE|scion_lite|full_normalized_gold|submission_aligned_scope_v1|26bad3bb3f37a484
SKE2020,scion_lite,full_normalized_gold,submission_aligned_scope_v1,26bad3bb3f37a484,SKE2020|scion_lite|full_normalized_gold|submission_aligned_scope_v1|26bad3bb3f37a484
duIE_zh,scion_lite,full_normalized_gold,submission_aligned_scope_v1,26bad3bb3f37a484,duIE_zh|scion_lite|full_normalized_gold|submission_aligned_scope_v1|26bad3bb3f37a484
instructIE_zh,scion_lite,full_normalized_gold,submission_aligned_scope_v1,26bad3bb3f37a484,instructIE_zh|scion_lite|full_normalized_gold|submission_aligned_scope_v1|26bad3bb3f37a484
