source,target_variant,eta_graph_f1,scion_lite_graph_f1,delta_graph_f1,eta_literal_f1,scion_lite_literal_f1,delta_literal_f1
CASIE,full_normalized_gold,0.9112271322450508,0.9056478698910877,-0.00557926235396311,0.7954545454545454,0.8539325842696629,0.058478038815117483
CrudeOilNews,full_normalized_gold,0.8956483117546581,0.9201501097710404,0.024501798016382303,0.7958115183246074,0.8571428571428572,0.061331338818249814
PHEE,full_normalized_gold,0.9063736881455821,0.9235799414098291,0.017206253264247073,0.7931034482758621,0.847457627118644,0.05435417884278193
RAMS,full_normalized_gold,0.8812287087729547,0.9051843114332532,0.023955602660298503,0.8000000000000002,0.8373983739837398,0.037398373983739686
WikiEvents,full_normalized_gold,0.6199227918347351,0.6224268858558415,0.0025040940211064067,0.5365853658536585,0.5454545454545454,0.008869179600886956
DuEE-fin,full_normalized_gold,0.9227986956835983,0.9282418620787429,0.0054431663951446385,0.7976190476190476,0.8538011695906434,0.05618212197159589
DuEE1.0,full_normalized_gold,0.9111714178824696,0.9366988428195768,0.025527424937107246,0.8,0.8557457212713936,0.055745721271393545
FewFC,full_normalized_gold,0.9185730658451757,0.9369841738659744,0.018411108020798705,0.7924528301886793,0.851851851851852,0.05939902166317268
ccf_law,full_normalized_gold,0.9030110343771462,0.9418803159649031,0.03886928158775682,0.7887323943661971,0.8493150684931507,0.06058267412695362
ADE_corpus,full_normalized_gold,0.9007304791876641,0.9007304791876641,0.0,0.6666666666666666,0.6666666666666666,0.0
GIDS,full_normalized_gold,0.40692300741305376,0.3936872794688549,-0.01323572794419886,0.0,0.0,0.0
NYT11,full_normalized_gold,0.8913926086126187,0.9312021249894584,0.039809516376839715,0.761904761904762,0.8181818181818182,0.05627705627705626
New-York-Times-RE,full_normalized_gold,0.40619893459396617,0.3326407774567513,-0.07355815713721486,0.06060606060606061,0.06060606060606061,0.0
SciERC,full_normalized_gold,0.946333566712439,0.9480475465241712,0.001713979811732269,0.7692307692307692,0.7692307692307692,0.0
SemEval2010_task8,full_normalized_gold,0.9246919490083835,0.925144399351892,0.00045245034350849256,0.7999999999999999,0.7999999999999999,0.0
conll04,full_normalized_gold,0.8912143701437952,0.9527831505197842,0.06156878037598901,0.6666666666666665,0.8000000000000002,0.13333333333333364
instructIE_en,full_normalized_gold,0.8995850325222838,0.919128654033921,0.019543621511637133,0.7981220657276994,0.8532110091743118,0.055088943446612415
kbp37,full_normalized_gold,0.8977984423006862,0.9245825041022019,0.026784061801515713,0.8125000000000001,0.8484848484848485,0.0359848484848484
CMeIE,full_normalized_gold,0.8954126581796716,0.9205010476576984,0.025088389478026718,0.8041237113402062,0.8484848484848485,0.04436113714464229
COAE2016,full_normalized_gold,0.9126265043254912,0.9565419000590423,0.04391539573355108,0.75,0.823529411764706,0.07352941176470595
IPRE,full_normalized_gold,0.8992949467142055,0.9297144636383681,0.03041951692416256,0.7936507936507937,0.8615384615384616,0.06788766788766787
SKE2020,full_normalized_gold,0.8973591434582764,0.906793785865868,0.00943464240759162,0.8,0.8571428571428572,0.05714285714285716
duIE_zh,full_normalized_gold,0.0,0.0,0.0,0.0,0.0,0.0
instructIE_zh,full_normalized_gold,0.8798334247683441,0.9113778098536892,0.03154438508534507,0.776255707762557,0.8303571428571428,0.05410143509458576
