source,method,input_condition,cache_key,corpus_hash,support_item_count,pred_item_count,leakage_flag
CASIE,llm_only,name_only,CASIE|llm_only|name_only|02975f1a50ed|E5_contamination_probe_v2|train,02975f1a50ed,0,0,False
CASIE,llm_only,domain_only,CASIE|llm_only|domain_only|02975f1a50ed|E5_contamination_probe_v2|train,02975f1a50ed,147,15,False
CASIE,llm_only,empty,CASIE|llm_only|empty|02975f1a50ed|E5_contamination_probe_v2|train,02975f1a50ed,0,0,False
CASIE,llm_only,shuffled,CASIE|llm_only|shuffled|02975f1a50ed|E5_contamination_probe_v2|train,02975f1a50ed,307,15,False
CASIE,llm_only,real_1pct,CASIE|llm_only|real_1pct|02975f1a50ed|E5_contamination_probe_v2|train,02975f1a50ed,34,39,False
CASIE,llm_only,real_10pct,CASIE|llm_only|real_10pct|02975f1a50ed|E5_contamination_probe_v2|train,02975f1a50ed,45,39,False
CASIE,llm_only,real_25pct,CASIE|llm_only|real_25pct|02975f1a50ed|E5_contamination_probe_v2|train,02975f1a50ed,47,39,False
CASIE,llm_only,real_50pct,CASIE|llm_only|real_50pct|02975f1a50ed|E5_contamination_probe_v2|train,02975f1a50ed,47,39,False
CASIE,llm_only,real_100pct,CASIE|llm_only|real_100pct|02975f1a50ed|E5_contamination_probe_v2|train,02975f1a50ed,48,39,False
CASIE,scion_lite,name_only,CASIE|scion_lite|name_only|02975f1a50ed|E5_contamination_probe_v2|train,02975f1a50ed,0,0,False
CASIE,scion_lite,domain_only,CASIE|scion_lite|domain_only|02975f1a50ed|E5_contamination_probe_v2|train,02975f1a50ed,147,17,False
CASIE,scion_lite,empty,CASIE|scion_lite|empty|02975f1a50ed|E5_contamination_probe_v2|train,02975f1a50ed,0,0,False
CASIE,scion_lite,shuffled,CASIE|scion_lite|shuffled|02975f1a50ed|E5_contamination_probe_v2|train,02975f1a50ed,307,17,False
CASIE,scion_lite,real_1pct,CASIE|scion_lite|real_1pct|02975f1a50ed|E5_contamination_probe_v2|train,02975f1a50ed,34,37,False
CASIE,scion_lite,real_10pct,CASIE|scion_lite|real_10pct|02975f1a50ed|E5_contamination_probe_v2|train,02975f1a50ed,45,41,False
CASIE,scion_lite,real_25pct,CASIE|scion_lite|real_25pct|02975f1a50ed|E5_contamination_probe_v2|train,02975f1a50ed,47,41,False
CASIE,scion_lite,real_50pct,CASIE|scion_lite|real_50pct|02975f1a50ed|E5_contamination_probe_v2|train,02975f1a50ed,47,41,False
CASIE,scion_lite,real_100pct,CASIE|scion_lite|real_100pct|02975f1a50ed|E5_contamination_probe_v2|train,02975f1a50ed,48,41,False
CrudeOilNews,llm_only,name_only,CrudeOilNews|llm_only|name_only|07eb81a6e576|E5_contamination_probe_v2|train,07eb81a6e576,0,0,False
CrudeOilNews,llm_only,domain_only,CrudeOilNews|llm_only|domain_only|07eb81a6e576|E5_contamination_probe_v2|train,07eb81a6e576,138,34,False
CrudeOilNews,llm_only,empty,CrudeOilNews|llm_only|empty|07eb81a6e576|E5_contamination_probe_v2|train,07eb81a6e576,0,0,False
CrudeOilNews,llm_only,shuffled,CrudeOilNews|llm_only|shuffled|07eb81a6e576|E5_contamination_probe_v2|train,07eb81a6e576,178,34,False
CrudeOilNews,llm_only,real_1pct,CrudeOilNews|llm_only|real_1pct|07eb81a6e576|E5_contamination_probe_v2|train,07eb81a6e576,7,19,False
CrudeOilNews,llm_only,real_10pct,CrudeOilNews|llm_only|real_10pct|07eb81a6e576|E5_contamination_probe_v2|train,07eb81a6e576,44,56,False
CrudeOilNews,llm_only,real_25pct,CrudeOilNews|llm_only|real_25pct|07eb81a6e576|E5_contamination_probe_v2|train,07eb81a6e576,65,77,False
CrudeOilNews,llm_only,real_50pct,CrudeOilNews|llm_only|real_50pct|07eb81a6e576|E5_contamination_probe_v2|train,07eb81a6e576,79,85,False
CrudeOilNews,llm_only,real_100pct,CrudeOilNews|llm_only|real_100pct|07eb81a6e576|E5_contamination_probe_v2|train,07eb81a6e576,90,85,False
CrudeOilNews,scion_lite,name_only,CrudeOilNews|scion_lite|name_only|07eb81a6e576|E5_contamination_probe_v2|train,07eb81a6e576,0,0,False
CrudeOilNews,scion_lite,domain_only,CrudeOilNews|scion_lite|domain_only|07eb81a6e576|E5_contamination_probe_v2|train,07eb81a6e576,138,39,False
CrudeOilNews,scion_lite,empty,CrudeOilNews|scion_lite|empty|07eb81a6e576|E5_contamination_probe_v2|train,07eb81a6e576,0,0,False
CrudeOilNews,scion_lite,shuffled,CrudeOilNews|scion_lite|shuffled|07eb81a6e576|E5_contamination_probe_v2|train,07eb81a6e576,178,39,False
CrudeOilNews,scion_lite,real_1pct,CrudeOilNews|scion_lite|real_1pct|07eb81a6e576|E5_contamination_probe_v2|train,07eb81a6e576,7,15,False
CrudeOilNews,scion_lite,real_10pct,CrudeOilNews|scion_lite|real_10pct|07eb81a6e576|E5_contamination_probe_v2|train,07eb81a6e576,44,52,False
CrudeOilNews,scion_lite,real_25pct,CrudeOilNews|scion_lite|real_25pct|07eb81a6e576|E5_contamination_probe_v2|train,07eb81a6e576,65,73,False
CrudeOilNews,scion_lite,real_50pct,CrudeOilNews|scion_lite|real_50pct|07eb81a6e576|E5_contamination_probe_v2|train,07eb81a6e576,79,87,False
CrudeOilNews,scion_lite,real_100pct,CrudeOilNews|scion_lite|real_100pct|07eb81a6e576|E5_contamination_probe_v2|train,07eb81a6e576,90,91,False
PHEE,llm_only,name_only,PHEE|llm_only|name_only|794db0249ea6|E5_contamination_probe_v2|train,794db0249ea6,0,0,False
PHEE,llm_only,domain_only,PHEE|llm_only|domain_only|794db0249ea6|E5_contamination_probe_v2|train,794db0249ea6,149,10,False
PHEE,llm_only,empty,PHEE|llm_only|empty|794db0249ea6|E5_contamination_probe_v2|train,794db0249ea6,0,0,False
PHEE,llm_only,shuffled,PHEE|llm_only|shuffled|794db0249ea6|E5_contamination_probe_v2|train,794db0249ea6,209,10,False
PHEE,llm_only,real_1pct,PHEE|llm_only|real_1pct|794db0249ea6|E5_contamination_probe_v2|train,794db0249ea6,25,25,False
PHEE,llm_only,real_10pct,PHEE|llm_only|real_10pct|794db0249ea6|E5_contamination_probe_v2|train,794db0249ea6,29,25,False
PHEE,llm_only,real_25pct,PHEE|llm_only|real_25pct|794db0249ea6|E5_contamination_probe_v2|train,794db0249ea6,32,25,False
PHEE,llm_only,real_50pct,PHEE|llm_only|real_50pct|794db0249ea6|E5_contamination_probe_v2|train,794db0249ea6,32,25,False
PHEE,llm_only,real_100pct,PHEE|llm_only|real_100pct|794db0249ea6|E5_contamination_probe_v2|train,794db0249ea6,32,25,False
PHEE,scion_lite,name_only,PHEE|scion_lite|name_only|794db0249ea6|E5_contamination_probe_v2|train,794db0249ea6,0,0,False
PHEE,scion_lite,domain_only,PHEE|scion_lite|domain_only|794db0249ea6|E5_contamination_probe_v2|train,794db0249ea6,149,11,False
PHEE,scion_lite,empty,PHEE|scion_lite|empty|794db0249ea6|E5_contamination_probe_v2|train,794db0249ea6,0,0,False
PHEE,scion_lite,shuffled,PHEE|scion_lite|shuffled|794db0249ea6|E5_contamination_probe_v2|train,794db0249ea6,209,11,False
PHEE,scion_lite,real_1pct,PHEE|scion_lite|real_1pct|794db0249ea6|E5_contamination_probe_v2|train,794db0249ea6,25,27,False
PHEE,scion_lite,real_10pct,PHEE|scion_lite|real_10pct|794db0249ea6|E5_contamination_probe_v2|train,794db0249ea6,29,27,False
PHEE,scion_lite,real_25pct,PHEE|scion_lite|real_25pct|794db0249ea6|E5_contamination_probe_v2|train,794db0249ea6,32,27,False
PHEE,scion_lite,real_50pct,PHEE|scion_lite|real_50pct|794db0249ea6|E5_contamination_probe_v2|train,794db0249ea6,32,27,False
PHEE,scion_lite,real_100pct,PHEE|scion_lite|real_100pct|794db0249ea6|E5_contamination_probe_v2|train,794db0249ea6,32,27,False
RAMS,llm_only,name_only,RAMS|llm_only|name_only|23b9b75acb89|E5_contamination_probe_v2|train,23b9b75acb89,0,0,False
RAMS,llm_only,domain_only,RAMS|llm_only|domain_only|23b9b75acb89|E5_contamination_probe_v2|train,23b9b75acb89,95,117,False
RAMS,llm_only,empty,RAMS|llm_only|empty|23b9b75acb89|E5_contamination_probe_v2|train,23b9b75acb89,0,0,False
RAMS,llm_only,shuffled,RAMS|llm_only|shuffled|23b9b75acb89|E5_contamination_probe_v2|train,23b9b75acb89,337,129,False
RAMS,llm_only,real_1pct,RAMS|llm_only|real_1pct|23b9b75acb89|E5_contamination_probe_v2|train,23b9b75acb89,12,46,False
RAMS,llm_only,real_10pct,RAMS|llm_only|real_10pct|23b9b75acb89|E5_contamination_probe_v2|train,23b9b75acb89,79,125,False
RAMS,llm_only,real_25pct,RAMS|llm_only|real_25pct|23b9b75acb89|E5_contamination_probe_v2|train,23b9b75acb89,185,232,False
RAMS,llm_only,real_50pct,RAMS|llm_only|real_50pct|23b9b75acb89|E5_contamination_probe_v2|train,23b9b75acb89,238,285,False
RAMS,llm_only,real_100pct,RAMS|llm_only|real_100pct|23b9b75acb89|E5_contamination_probe_v2|train,23b9b75acb89,309,328,False
RAMS,scion_lite,name_only,RAMS|scion_lite|name_only|23b9b75acb89|E5_contamination_probe_v2|train,23b9b75acb89,0,0,False
RAMS,scion_lite,domain_only,RAMS|scion_lite|domain_only|23b9b75acb89|E5_contamination_probe_v2|train,23b9b75acb89,95,118,False
RAMS,scion_lite,empty,RAMS|scion_lite|empty|23b9b75acb89|E5_contamination_probe_v2|train,23b9b75acb89,0,0,False
RAMS,scion_lite,shuffled,RAMS|scion_lite|shuffled|23b9b75acb89|E5_contamination_probe_v2|train,23b9b75acb89,337,153,False
RAMS,scion_lite,real_1pct,RAMS|scion_lite|real_1pct|23b9b75acb89|E5_contamination_probe_v2|train,23b9b75acb89,12,38,False
RAMS,scion_lite,real_10pct,RAMS|scion_lite|real_10pct|23b9b75acb89|E5_contamination_probe_v2|train,23b9b75acb89,79,108,False
RAMS,scion_lite,real_25pct,RAMS|scion_lite|real_25pct|23b9b75acb89|E5_contamination_probe_v2|train,23b9b75acb89,185,216,False
RAMS,scion_lite,real_50pct,RAMS|scion_lite|real_50pct|23b9b75acb89|E5_contamination_probe_v2|train,23b9b75acb89,238,269,False
RAMS,scion_lite,real_100pct,RAMS|scion_lite|real_100pct|23b9b75acb89|E5_contamination_probe_v2|train,23b9b75acb89,309,340,False
WikiEvents,llm_only,name_only,WikiEvents|llm_only|name_only|12bd153f1e35|E5_contamination_probe_v2|train,12bd153f1e35,0,0,False
WikiEvents,llm_only,domain_only,WikiEvents|llm_only|domain_only|12bd153f1e35|E5_contamination_probe_v2|train,12bd153f1e35,143,26,False
WikiEvents,llm_only,empty,WikiEvents|llm_only|empty|12bd153f1e35|E5_contamination_probe_v2|train,12bd153f1e35,0,0,False
WikiEvents,llm_only,shuffled,WikiEvents|llm_only|shuffled|12bd153f1e35|E5_contamination_probe_v2|train,12bd153f1e35,46,26,False
WikiEvents,llm_only,real_1pct,WikiEvents|llm_only|real_1pct|12bd153f1e35|E5_contamination_probe_v2|train,12bd153f1e35,3,12,False
WikiEvents,llm_only,real_10pct,WikiEvents|llm_only|real_10pct|12bd153f1e35|E5_contamination_probe_v2|train,12bd153f1e35,10,19,False
WikiEvents,llm_only,real_25pct,WikiEvents|llm_only|real_25pct|12bd153f1e35|E5_contamination_probe_v2|train,12bd153f1e35,20,29,False
WikiEvents,llm_only,real_50pct,WikiEvents|llm_only|real_50pct|12bd153f1e35|E5_contamination_probe_v2|train,12bd153f1e35,26,35,False
WikiEvents,llm_only,real_100pct,WikiEvents|llm_only|real_100pct|12bd153f1e35|E5_contamination_probe_v2|train,12bd153f1e35,34,43,False
WikiEvents,scion_lite,name_only,WikiEvents|scion_lite|name_only|12bd153f1e35|E5_contamination_probe_v2|train,12bd153f1e35,0,0,False
WikiEvents,scion_lite,domain_only,WikiEvents|scion_lite|domain_only|12bd153f1e35|E5_contamination_probe_v2|train,12bd153f1e35,143,31,False
WikiEvents,scion_lite,empty,WikiEvents|scion_lite|empty|12bd153f1e35|E5_contamination_probe_v2|train,12bd153f1e35,0,0,False
WikiEvents,scion_lite,shuffled,WikiEvents|scion_lite|shuffled|12bd153f1e35|E5_contamination_probe_v2|train,12bd153f1e35,46,31,False
WikiEvents,scion_lite,real_1pct,WikiEvents|scion_lite|real_1pct|12bd153f1e35|E5_contamination_probe_v2|train,12bd153f1e35,3,9,False
WikiEvents,scion_lite,real_10pct,WikiEvents|scion_lite|real_10pct|12bd153f1e35|E5_contamination_probe_v2|train,12bd153f1e35,10,16,False
WikiEvents,scion_lite,real_25pct,WikiEvents|scion_lite|real_25pct|12bd153f1e35|E5_contamination_probe_v2|train,12bd153f1e35,20,26,False
WikiEvents,scion_lite,real_50pct,WikiEvents|scion_lite|real_50pct|12bd153f1e35|E5_contamination_probe_v2|train,12bd153f1e35,26,32,False
WikiEvents,scion_lite,real_100pct,WikiEvents|scion_lite|real_100pct|12bd153f1e35|E5_contamination_probe_v2|train,12bd153f1e35,34,40,False
DuEE-fin,llm_only,name_only,DuEE-fin|llm_only|name_only|2d053cbc2fc3|E5_contamination_probe_v2|train,2d053cbc2fc3,7,16,False
DuEE-fin,llm_only,domain_only,DuEE-fin|llm_only|domain_only|2d053cbc2fc3|E5_contamination_probe_v2|train,2d053cbc2fc3,141,30,False
DuEE-fin,llm_only,empty,DuEE-fin|llm_only|empty|2d053cbc2fc3|E5_contamination_probe_v2|train,2d053cbc2fc3,0,0,False
DuEE-fin,llm_only,shuffled,DuEE-fin|llm_only|shuffled|2d053cbc2fc3|E5_contamination_probe_v2|train,2d053cbc2fc3,591,30,False
DuEE-fin,llm_only,real_1pct,DuEE-fin|llm_only|real_1pct|2d053cbc2fc3|E5_contamination_probe_v2|train,2d053cbc2fc3,65,74,False
DuEE-fin,llm_only,real_10pct,DuEE-fin|llm_only|real_10pct|2d053cbc2fc3|E5_contamination_probe_v2|train,2d053cbc2fc3,89,74,False
DuEE-fin,llm_only,real_25pct,DuEE-fin|llm_only|real_25pct|2d053cbc2fc3|E5_contamination_probe_v2|train,2d053cbc2fc3,91,74,False
DuEE-fin,llm_only,real_50pct,DuEE-fin|llm_only|real_50pct|2d053cbc2fc3|E5_contamination_probe_v2|train,2d053cbc2fc3,91,74,False
DuEE-fin,llm_only,real_100pct,DuEE-fin|llm_only|real_100pct|2d053cbc2fc3|E5_contamination_probe_v2|train,2d053cbc2fc3,91,74,False
DuEE-fin,scion_lite,name_only,DuEE-fin|scion_lite|name_only|2d053cbc2fc3|E5_contamination_probe_v2|train,2d053cbc2fc3,7,13,False
DuEE-fin,scion_lite,domain_only,DuEE-fin|scion_lite|domain_only|2d053cbc2fc3|E5_contamination_probe_v2|train,2d053cbc2fc3,141,35,False
DuEE-fin,scion_lite,empty,DuEE-fin|scion_lite|empty|2d053cbc2fc3|E5_contamination_probe_v2|train,2d053cbc2fc3,0,0,False
DuEE-fin,scion_lite,shuffled,DuEE-fin|scion_lite|shuffled|2d053cbc2fc3|E5_contamination_probe_v2|train,2d053cbc2fc3,591,35,False
DuEE-fin,scion_lite,real_1pct,DuEE-fin|scion_lite|real_1pct|2d053cbc2fc3|E5_contamination_probe_v2|train,2d053cbc2fc3,65,72,False
DuEE-fin,scion_lite,real_10pct,DuEE-fin|scion_lite|real_10pct|2d053cbc2fc3|E5_contamination_probe_v2|train,2d053cbc2fc3,89,80,False
DuEE-fin,scion_lite,real_25pct,DuEE-fin|scion_lite|real_25pct|2d053cbc2fc3|E5_contamination_probe_v2|train,2d053cbc2fc3,91,80,False
DuEE-fin,scion_lite,real_50pct,DuEE-fin|scion_lite|real_50pct|2d053cbc2fc3|E5_contamination_probe_v2|train,2d053cbc2fc3,91,80,False
DuEE-fin,scion_lite,real_100pct,DuEE-fin|scion_lite|real_100pct|2d053cbc2fc3|E5_contamination_probe_v2|train,2d053cbc2fc3,91,80,False
DuEE1.0,llm_only,name_only,DuEE1.0|llm_only|name_only|eb2745cf377c|E5_contamination_probe_v2|train,eb2745cf377c,0,0,False
DuEE1.0,llm_only,domain_only,DuEE1.0|llm_only|domain_only|eb2745cf377c|E5_contamination_probe_v2|train,eb2745cf377c,121,73,False
DuEE1.0,llm_only,empty,DuEE1.0|llm_only|empty|eb2745cf377c|E5_contamination_probe_v2|train,eb2745cf377c,0,0,False
DuEE1.0,llm_only,shuffled,DuEE1.0|llm_only|shuffled|eb2745cf377c|E5_contamination_probe_v2|train,eb2745cf377c,1229,72,False
DuEE1.0,llm_only,real_1pct,DuEE1.0|llm_only|real_1pct|eb2745cf377c|E5_contamination_probe_v2|train,eb2745cf377c,84,108,False
DuEE1.0,llm_only,real_10pct,DuEE1.0|llm_only|real_10pct|eb2745cf377c|E5_contamination_probe_v2|train,eb2745cf377c,196,180,False
DuEE1.0,llm_only,real_25pct,DuEE1.0|llm_only|real_25pct|eb2745cf377c|E5_contamination_probe_v2|train,eb2745cf377c,213,179,False
DuEE1.0,llm_only,real_50pct,DuEE1.0|llm_only|real_50pct|eb2745cf377c|E5_contamination_probe_v2|train,eb2745cf377c,216,180,False
DuEE1.0,llm_only,real_100pct,DuEE1.0|llm_only|real_100pct|eb2745cf377c|E5_contamination_probe_v2|train,eb2745cf377c,217,180,False
DuEE1.0,scion_lite,name_only,DuEE1.0|scion_lite|name_only|eb2745cf377c|E5_contamination_probe_v2|train,eb2745cf377c,0,0,False
DuEE1.0,scion_lite,domain_only,DuEE1.0|scion_lite|domain_only|eb2745cf377c|E5_contamination_probe_v2|train,eb2745cf377c,121,84,False
DuEE1.0,scion_lite,empty,DuEE1.0|scion_lite|empty|eb2745cf377c|E5_contamination_probe_v2|train,eb2745cf377c,0,0,False
DuEE1.0,scion_lite,shuffled,DuEE1.0|scion_lite|shuffled|eb2745cf377c|E5_contamination_probe_v2|train,eb2745cf377c,1229,84,False
DuEE1.0,scion_lite,real_1pct,DuEE1.0|scion_lite|real_1pct|eb2745cf377c|E5_contamination_probe_v2|train,eb2745cf377c,84,100,False
DuEE1.0,scion_lite,real_10pct,DuEE1.0|scion_lite|real_10pct|eb2745cf377c|E5_contamination_probe_v2|train,eb2745cf377c,196,192,False
DuEE1.0,scion_lite,real_25pct,DuEE1.0|scion_lite|real_25pct|eb2745cf377c|E5_contamination_probe_v2|train,eb2745cf377c,213,192,False
DuEE1.0,scion_lite,real_50pct,DuEE1.0|scion_lite|real_50pct|eb2745cf377c|E5_contamination_probe_v2|train,eb2745cf377c,216,192,False
DuEE1.0,scion_lite,real_100pct,DuEE1.0|scion_lite|real_100pct|eb2745cf377c|E5_contamination_probe_v2|train,eb2745cf377c,217,192,False
FewFC,llm_only,name_only,FewFC|llm_only|name_only|1c14095f1752|E5_contamination_probe_v2|train,1c14095f1752,0,0,False
FewFC,llm_only,domain_only,FewFC|llm_only|domain_only|1c14095f1752|E5_contamination_probe_v2|train,1c14095f1752,150,9,False
FewFC,llm_only,empty,FewFC|llm_only|empty|1c14095f1752|E5_contamination_probe_v2|train,1c14095f1752,0,0,False
FewFC,llm_only,shuffled,FewFC|llm_only|shuffled|1c14095f1752|E5_contamination_probe_v2|train,1c14095f1752,187,9,False
FewFC,llm_only,real_1pct,FewFC|llm_only|real_1pct|1c14095f1752|E5_contamination_probe_v2|train,1c14095f1752,23,23,False
FewFC,llm_only,real_10pct,FewFC|llm_only|real_10pct|1c14095f1752|E5_contamination_probe_v2|train,1c14095f1752,29,23,False
FewFC,llm_only,real_25pct,FewFC|llm_only|real_25pct|1c14095f1752|E5_contamination_probe_v2|train,1c14095f1752,29,23,False
FewFC,llm_only,real_50pct,FewFC|llm_only|real_50pct|1c14095f1752|E5_contamination_probe_v2|train,1c14095f1752,29,23,False
FewFC,llm_only,real_100pct,FewFC|llm_only|real_100pct|1c14095f1752|E5_contamination_probe_v2|train,1c14095f1752,29,23,False
FewFC,scion_lite,name_only,FewFC|scion_lite|name_only|1c14095f1752|E5_contamination_probe_v2|train,1c14095f1752,0,0,False
FewFC,scion_lite,domain_only,FewFC|scion_lite|domain_only|1c14095f1752|E5_contamination_probe_v2|train,1c14095f1752,150,10,False
FewFC,scion_lite,empty,FewFC|scion_lite|empty|1c14095f1752|E5_contamination_probe_v2|train,1c14095f1752,0,0,False
FewFC,scion_lite,shuffled,FewFC|scion_lite|shuffled|1c14095f1752|E5_contamination_probe_v2|train,1c14095f1752,187,10,False
FewFC,scion_lite,real_1pct,FewFC|scion_lite|real_1pct|1c14095f1752|E5_contamination_probe_v2|train,1c14095f1752,23,25,False
FewFC,scion_lite,real_10pct,FewFC|scion_lite|real_10pct|1c14095f1752|E5_contamination_probe_v2|train,1c14095f1752,29,25,False
FewFC,scion_lite,real_25pct,FewFC|scion_lite|real_25pct|1c14095f1752|E5_contamination_probe_v2|train,1c14095f1752,29,25,False
FewFC,scion_lite,real_50pct,FewFC|scion_lite|real_50pct|1c14095f1752|E5_contamination_probe_v2|train,1c14095f1752,29,25,False
FewFC,scion_lite,real_100pct,FewFC|scion_lite|real_100pct|1c14095f1752|E5_contamination_probe_v2|train,1c14095f1752,29,25,False
ccf_law,llm_only,name_only,ccf_law|llm_only|name_only|76983fb4dd37|E5_contamination_probe_v2|train,76983fb4dd37,1,5,False
ccf_law,llm_only,domain_only,ccf_law|llm_only|domain_only|76983fb4dd37|E5_contamination_probe_v2|train,76983fb4dd37,148,12,False
ccf_law,llm_only,empty,ccf_law|llm_only|empty|76983fb4dd37|E5_contamination_probe_v2|train,76983fb4dd37,0,0,False
ccf_law,llm_only,shuffled,ccf_law|llm_only|shuffled|76983fb4dd37|E5_contamination_probe_v2|train,76983fb4dd37,212,12,False
ccf_law,llm_only,real_1pct,ccf_law|llm_only|real_1pct|76983fb4dd37|E5_contamination_probe_v2|train,76983fb4dd37,17,21,False
ccf_law,llm_only,real_10pct,ccf_law|llm_only|real_10pct|76983fb4dd37|E5_contamination_probe_v2|train,76983fb4dd37,32,31,False
ccf_law,llm_only,real_25pct,ccf_law|llm_only|real_25pct|76983fb4dd37|E5_contamination_probe_v2|train,76983fb4dd37,37,31,False
ccf_law,llm_only,real_50pct,ccf_law|llm_only|real_50pct|76983fb4dd37|E5_contamination_probe_v2|train,76983fb4dd37,37,31,False
ccf_law,llm_only,real_100pct,ccf_law|llm_only|real_100pct|76983fb4dd37|E5_contamination_probe_v2|train,76983fb4dd37,39,31,False
ccf_law,scion_lite,name_only,ccf_law|scion_lite|name_only|76983fb4dd37|E5_contamination_probe_v2|train,76983fb4dd37,1,4,False
ccf_law,scion_lite,domain_only,ccf_law|scion_lite|domain_only|76983fb4dd37|E5_contamination_probe_v2|train,76983fb4dd37,148,15,False
ccf_law,scion_lite,empty,ccf_law|scion_lite|empty|76983fb4dd37|E5_contamination_probe_v2|train,76983fb4dd37,0,0,False
ccf_law,scion_lite,shuffled,ccf_law|scion_lite|shuffled|76983fb4dd37|E5_contamination_probe_v2|train,76983fb4dd37,212,15,False
ccf_law,scion_lite,real_1pct,ccf_law|scion_lite|real_1pct|76983fb4dd37|E5_contamination_probe_v2|train,76983fb4dd37,17,20,False
ccf_law,scion_lite,real_10pct,ccf_law|scion_lite|real_10pct|76983fb4dd37|E5_contamination_probe_v2|train,76983fb4dd37,32,34,False
ccf_law,scion_lite,real_25pct,ccf_law|scion_lite|real_25pct|76983fb4dd37|E5_contamination_probe_v2|train,76983fb4dd37,37,34,False
ccf_law,scion_lite,real_50pct,ccf_law|scion_lite|real_50pct|76983fb4dd37|E5_contamination_probe_v2|train,76983fb4dd37,37,34,False
ccf_law,scion_lite,real_100pct,ccf_law|scion_lite|real_100pct|76983fb4dd37|E5_contamination_probe_v2|train,76983fb4dd37,39,34,False
ADE_corpus,llm_only,name_only,ADE_corpus|llm_only|name_only|1ca3c1f2b364|E5_contamination_probe_v2|train,1ca3c1f2b364,1,0,False
ADE_corpus,llm_only,domain_only,ADE_corpus|llm_only|domain_only|1ca3c1f2b364|E5_contamination_probe_v2|train,1ca3c1f2b364,75,0,False
ADE_corpus,llm_only,empty,ADE_corpus|llm_only|empty|1ca3c1f2b364|E5_contamination_probe_v2|train,1ca3c1f2b364,0,0,False
ADE_corpus,llm_only,shuffled,ADE_corpus|llm_only|shuffled|1ca3c1f2b364|E5_contamination_probe_v2|train,1ca3c1f2b364,7,0,False
ADE_corpus,llm_only,real_1pct,ADE_corpus|llm_only|real_1pct|1ca3c1f2b364|E5_contamination_probe_v2|train,1ca3c1f2b364,1,2,False
ADE_corpus,llm_only,real_10pct,ADE_corpus|llm_only|real_10pct|1ca3c1f2b364|E5_contamination_probe_v2|train,1ca3c1f2b364,1,2,False
ADE_corpus,llm_only,real_25pct,ADE_corpus|llm_only|real_25pct|1ca3c1f2b364|E5_contamination_probe_v2|train,1ca3c1f2b364,1,2,False
ADE_corpus,llm_only,real_50pct,ADE_corpus|llm_only|real_50pct|1ca3c1f2b364|E5_contamination_probe_v2|train,1ca3c1f2b364,1,2,False
ADE_corpus,llm_only,real_100pct,ADE_corpus|llm_only|real_100pct|1ca3c1f2b364|E5_contamination_probe_v2|train,1ca3c1f2b364,1,2,False
ADE_corpus,scion_lite,name_only,ADE_corpus|scion_lite|name_only|1ca3c1f2b364|E5_contamination_probe_v2|train,1ca3c1f2b364,1,0,False
ADE_corpus,scion_lite,domain_only,ADE_corpus|scion_lite|domain_only|1ca3c1f2b364|E5_contamination_probe_v2|train,1ca3c1f2b364,75,0,False
ADE_corpus,scion_lite,empty,ADE_corpus|scion_lite|empty|1ca3c1f2b364|E5_contamination_probe_v2|train,1ca3c1f2b364,0,0,False
ADE_corpus,scion_lite,shuffled,ADE_corpus|scion_lite|shuffled|1ca3c1f2b364|E5_contamination_probe_v2|train,1ca3c1f2b364,7,0,False
ADE_corpus,scion_lite,real_1pct,ADE_corpus|scion_lite|real_1pct|1ca3c1f2b364|E5_contamination_probe_v2|train,1ca3c1f2b364,1,2,False
ADE_corpus,scion_lite,real_10pct,ADE_corpus|scion_lite|real_10pct|1ca3c1f2b364|E5_contamination_probe_v2|train,1ca3c1f2b364,1,2,False
ADE_corpus,scion_lite,real_25pct,ADE_corpus|scion_lite|real_25pct|1ca3c1f2b364|E5_contamination_probe_v2|train,1ca3c1f2b364,1,2,False
ADE_corpus,scion_lite,real_50pct,ADE_corpus|scion_lite|real_50pct|1ca3c1f2b364|E5_contamination_probe_v2|train,1ca3c1f2b364,1,2,False
ADE_corpus,scion_lite,real_100pct,ADE_corpus|scion_lite|real_100pct|1ca3c1f2b364|E5_contamination_probe_v2|train,1ca3c1f2b364,1,2,False
GIDS,llm_only,name_only,GIDS|llm_only|name_only|ed0082b5c7e7|E5_contamination_probe_v2|train,ed0082b5c7e7,0,0,False
GIDS,llm_only,domain_only,GIDS|llm_only|domain_only|ed0082b5c7e7|E5_contamination_probe_v2|train,ed0082b5c7e7,75,0,False
GIDS,llm_only,empty,GIDS|llm_only|empty|ed0082b5c7e7|E5_contamination_probe_v2|train,ed0082b5c7e7,0,0,False
GIDS,llm_only,shuffled,GIDS|llm_only|shuffled|ed0082b5c7e7|E5_contamination_probe_v2|train,ed0082b5c7e7,28,0,False
GIDS,llm_only,real_1pct,GIDS|llm_only|real_1pct|ed0082b5c7e7|E5_contamination_probe_v2|train,ed0082b5c7e7,4,0,False
GIDS,llm_only,real_10pct,GIDS|llm_only|real_10pct|ed0082b5c7e7|E5_contamination_probe_v2|train,ed0082b5c7e7,4,0,False
GIDS,llm_only,real_25pct,GIDS|llm_only|real_25pct|ed0082b5c7e7|E5_contamination_probe_v2|train,ed0082b5c7e7,4,0,False
GIDS,llm_only,real_50pct,GIDS|llm_only|real_50pct|ed0082b5c7e7|E5_contamination_probe_v2|train,ed0082b5c7e7,4,0,False
GIDS,llm_only,real_100pct,GIDS|llm_only|real_100pct|ed0082b5c7e7|E5_contamination_probe_v2|train,ed0082b5c7e7,4,0,False
GIDS,scion_lite,name_only,GIDS|scion_lite|name_only|ed0082b5c7e7|E5_contamination_probe_v2|train,ed0082b5c7e7,0,0,False
GIDS,scion_lite,domain_only,GIDS|scion_lite|domain_only|ed0082b5c7e7|E5_contamination_probe_v2|train,ed0082b5c7e7,75,2,False
GIDS,scion_lite,empty,GIDS|scion_lite|empty|ed0082b5c7e7|E5_contamination_probe_v2|train,ed0082b5c7e7,0,0,False
GIDS,scion_lite,shuffled,GIDS|scion_lite|shuffled|ed0082b5c7e7|E5_contamination_probe_v2|train,ed0082b5c7e7,28,2,False
GIDS,scion_lite,real_1pct,GIDS|scion_lite|real_1pct|ed0082b5c7e7|E5_contamination_probe_v2|train,ed0082b5c7e7,4,2,False
GIDS,scion_lite,real_10pct,GIDS|scion_lite|real_10pct|ed0082b5c7e7|E5_contamination_probe_v2|train,ed0082b5c7e7,4,2,False
GIDS,scion_lite,real_25pct,GIDS|scion_lite|real_25pct|ed0082b5c7e7|E5_contamination_probe_v2|train,ed0082b5c7e7,4,2,False
GIDS,scion_lite,real_50pct,GIDS|scion_lite|real_50pct|ed0082b5c7e7|E5_contamination_probe_v2|train,ed0082b5c7e7,4,2,False
GIDS,scion_lite,real_100pct,GIDS|scion_lite|real_100pct|ed0082b5c7e7|E5_contamination_probe_v2|train,ed0082b5c7e7,4,2,False
NYT11,llm_only,name_only,NYT11|llm_only|name_only|f61dc5118761|E5_contamination_probe_v2|train,f61dc5118761,456,3,False
NYT11,llm_only,domain_only,NYT11|llm_only|domain_only|f61dc5118761|E5_contamination_probe_v2|train,f61dc5118761,75,6,False
NYT11,llm_only,empty,NYT11|llm_only|empty|f61dc5118761|E5_contamination_probe_v2|train,f61dc5118761,0,0,False
NYT11,llm_only,shuffled,NYT11|llm_only|shuffled|f61dc5118761|E5_contamination_probe_v2|train,f61dc5118761,84,3,False
NYT11,llm_only,real_1pct,NYT11|llm_only|real_1pct|f61dc5118761|E5_contamination_probe_v2|train,f61dc5118761,12,9,False
NYT11,llm_only,real_10pct,NYT11|llm_only|real_10pct|f61dc5118761|E5_contamination_probe_v2|train,f61dc5118761,12,9,False
NYT11,llm_only,real_25pct,NYT11|llm_only|real_25pct|f61dc5118761|E5_contamination_probe_v2|train,f61dc5118761,12,9,False
NYT11,llm_only,real_50pct,NYT11|llm_only|real_50pct|f61dc5118761|E5_contamination_probe_v2|train,f61dc5118761,12,9,False
NYT11,llm_only,real_100pct,NYT11|llm_only|real_100pct|f61dc5118761|E5_contamination_probe_v2|train,f61dc5118761,12,9,False
NYT11,scion_lite,name_only,NYT11|scion_lite|name_only|f61dc5118761|E5_contamination_probe_v2|train,f61dc5118761,456,4,False
NYT11,scion_lite,domain_only,NYT11|scion_lite|domain_only|f61dc5118761|E5_contamination_probe_v2|train,f61dc5118761,75,7,False
NYT11,scion_lite,empty,NYT11|scion_lite|empty|f61dc5118761|E5_contamination_probe_v2|train,f61dc5118761,0,0,False
NYT11,scion_lite,shuffled,NYT11|scion_lite|shuffled|f61dc5118761|E5_contamination_probe_v2|train,f61dc5118761,84,4,False
NYT11,scion_lite,real_1pct,NYT11|scion_lite|real_1pct|f61dc5118761|E5_contamination_probe_v2|train,f61dc5118761,12,10,False
NYT11,scion_lite,real_10pct,NYT11|scion_lite|real_10pct|f61dc5118761|E5_contamination_probe_v2|train,f61dc5118761,12,10,False
NYT11,scion_lite,real_25pct,NYT11|scion_lite|real_25pct|f61dc5118761|E5_contamination_probe_v2|train,f61dc5118761,12,10,False
NYT11,scion_lite,real_50pct,NYT11|scion_lite|real_50pct|f61dc5118761|E5_contamination_probe_v2|train,f61dc5118761,12,10,False
NYT11,scion_lite,real_100pct,NYT11|scion_lite|real_100pct|f61dc5118761|E5_contamination_probe_v2|train,f61dc5118761,12,10,False
New-York-Times-RE,llm_only,name_only,New-York-Times-RE|llm_only|name_only|a8abe89c3625|E5_contamination_probe_v2|train,a8abe89c3625,456,7,False
New-York-Times-RE,llm_only,domain_only,New-York-Times-RE|llm_only|domain_only|a8abe89c3625|E5_contamination_probe_v2|train,a8abe89c3625,73,10,False
New-York-Times-RE,llm_only,empty,New-York-Times-RE|llm_only|empty|a8abe89c3625|E5_contamination_probe_v2|train,a8abe89c3625,0,0,False
New-York-Times-RE,llm_only,shuffled,New-York-Times-RE|llm_only|shuffled|a8abe89c3625|E5_contamination_probe_v2|train,a8abe89c3625,385,7,False
New-York-Times-RE,llm_only,real_1pct,New-York-Times-RE|llm_only|real_1pct|a8abe89c3625|E5_contamination_probe_v2|train,a8abe89c3625,29,7,False
New-York-Times-RE,llm_only,real_10pct,New-York-Times-RE|llm_only|real_10pct|a8abe89c3625|E5_contamination_probe_v2|train,a8abe89c3625,70,7,False
New-York-Times-RE,llm_only,real_25pct,New-York-Times-RE|llm_only|real_25pct|a8abe89c3625|E5_contamination_probe_v2|train,a8abe89c3625,82,7,False
New-York-Times-RE,llm_only,real_50pct,New-York-Times-RE|llm_only|real_50pct|a8abe89c3625|E5_contamination_probe_v2|train,a8abe89c3625,93,7,False
New-York-Times-RE,llm_only,real_100pct,New-York-Times-RE|llm_only|real_100pct|a8abe89c3625|E5_contamination_probe_v2|train,a8abe89c3625,104,8,False
New-York-Times-RE,scion_lite,name_only,New-York-Times-RE|scion_lite|name_only|a8abe89c3625|E5_contamination_probe_v2|train,a8abe89c3625,456,8,False
New-York-Times-RE,scion_lite,domain_only,New-York-Times-RE|scion_lite|domain_only|a8abe89c3625|E5_contamination_probe_v2|train,a8abe89c3625,73,11,False
New-York-Times-RE,scion_lite,empty,New-York-Times-RE|scion_lite|empty|a8abe89c3625|E5_contamination_probe_v2|train,a8abe89c3625,0,0,False
New-York-Times-RE,scion_lite,shuffled,New-York-Times-RE|scion_lite|shuffled|a8abe89c3625|E5_contamination_probe_v2|train,a8abe89c3625,385,8,False
New-York-Times-RE,scion_lite,real_1pct,New-York-Times-RE|scion_lite|real_1pct|a8abe89c3625|E5_contamination_probe_v2|train,a8abe89c3625,29,8,False
New-York-Times-RE,scion_lite,real_10pct,New-York-Times-RE|scion_lite|real_10pct|a8abe89c3625|E5_contamination_probe_v2|train,a8abe89c3625,70,8,False
New-York-Times-RE,scion_lite,real_25pct,New-York-Times-RE|scion_lite|real_25pct|a8abe89c3625|E5_contamination_probe_v2|train,a8abe89c3625,82,8,False
New-York-Times-RE,scion_lite,real_50pct,New-York-Times-RE|scion_lite|real_50pct|a8abe89c3625|E5_contamination_probe_v2|train,a8abe89c3625,93,8,False
New-York-Times-RE,scion_lite,real_100pct,New-York-Times-RE|scion_lite|real_100pct|a8abe89c3625|E5_contamination_probe_v2|train,a8abe89c3625,104,9,False
SciERC,llm_only,name_only,SciERC|llm_only|name_only|f1ec65329b36|E5_contamination_probe_v2|train,f1ec65329b36,0,0,False
SciERC,llm_only,domain_only,SciERC|llm_only|domain_only|f1ec65329b36|E5_contamination_probe_v2|train,f1ec65329b36,75,2,False
SciERC,llm_only,empty,SciERC|llm_only|empty|f1ec65329b36|E5_contamination_probe_v2|train,f1ec65329b36,0,0,False
SciERC,llm_only,shuffled,SciERC|llm_only|shuffled|f1ec65329b36|E5_contamination_probe_v2|train,f1ec65329b36,49,2,False
SciERC,llm_only,real_1pct,SciERC|llm_only|real_1pct|f1ec65329b36|E5_contamination_probe_v2|train,f1ec65329b36,6,5,False
SciERC,llm_only,real_10pct,SciERC|llm_only|real_10pct|f1ec65329b36|E5_contamination_probe_v2|train,f1ec65329b36,7,5,False
SciERC,llm_only,real_25pct,SciERC|llm_only|real_25pct|f1ec65329b36|E5_contamination_probe_v2|train,f1ec65329b36,7,5,False
SciERC,llm_only,real_50pct,SciERC|llm_only|real_50pct|f1ec65329b36|E5_contamination_probe_v2|train,f1ec65329b36,7,5,False
SciERC,llm_only,real_100pct,SciERC|llm_only|real_100pct|f1ec65329b36|E5_contamination_probe_v2|train,f1ec65329b36,7,5,False
SciERC,scion_lite,name_only,SciERC|scion_lite|name_only|f1ec65329b36|E5_contamination_probe_v2|train,f1ec65329b36,0,0,False
SciERC,scion_lite,domain_only,SciERC|scion_lite|domain_only|f1ec65329b36|E5_contamination_probe_v2|train,f1ec65329b36,75,3,False
SciERC,scion_lite,empty,SciERC|scion_lite|empty|f1ec65329b36|E5_contamination_probe_v2|train,f1ec65329b36,0,0,False
SciERC,scion_lite,shuffled,SciERC|scion_lite|shuffled|f1ec65329b36|E5_contamination_probe_v2|train,f1ec65329b36,49,3,False
SciERC,scion_lite,real_1pct,SciERC|scion_lite|real_1pct|f1ec65329b36|E5_contamination_probe_v2|train,f1ec65329b36,6,6,False
SciERC,scion_lite,real_10pct,SciERC|scion_lite|real_10pct|f1ec65329b36|E5_contamination_probe_v2|train,f1ec65329b36,7,6,False
SciERC,scion_lite,real_25pct,SciERC|scion_lite|real_25pct|f1ec65329b36|E5_contamination_probe_v2|train,f1ec65329b36,7,6,False
SciERC,scion_lite,real_50pct,SciERC|scion_lite|real_50pct|f1ec65329b36|E5_contamination_probe_v2|train,f1ec65329b36,7,6,False
SciERC,scion_lite,real_100pct,SciERC|scion_lite|real_100pct|f1ec65329b36|E5_contamination_probe_v2|train,f1ec65329b36,7,6,False
SemEval2010_task8,llm_only,name_only,SemEval2010_task8|llm_only|name_only|bd78ec185e3b|E5_contamination_probe_v2|train,bd78ec185e3b,0,0,False
SemEval2010_task8,llm_only,domain_only,SemEval2010_task8|llm_only|domain_only|bd78ec185e3b|E5_contamination_probe_v2|train,bd78ec185e3b,74,3,False
SemEval2010_task8,llm_only,empty,SemEval2010_task8|llm_only|empty|bd78ec185e3b|E5_contamination_probe_v2|train,bd78ec185e3b,0,0,False
SemEval2010_task8,llm_only,shuffled,SemEval2010_task8|llm_only|shuffled|bd78ec185e3b|E5_contamination_probe_v2|train,bd78ec185e3b,70,3,False
SemEval2010_task8,llm_only,real_1pct,SemEval2010_task8|llm_only|real_1pct|bd78ec185e3b|E5_contamination_probe_v2|train,bd78ec185e3b,10,8,False
SemEval2010_task8,llm_only,real_10pct,SemEval2010_task8|llm_only|real_10pct|bd78ec185e3b|E5_contamination_probe_v2|train,bd78ec185e3b,10,8,False
SemEval2010_task8,llm_only,real_25pct,SemEval2010_task8|llm_only|real_25pct|bd78ec185e3b|E5_contamination_probe_v2|train,bd78ec185e3b,10,8,False
SemEval2010_task8,llm_only,real_50pct,SemEval2010_task8|llm_only|real_50pct|bd78ec185e3b|E5_contamination_probe_v2|train,bd78ec185e3b,10,8,False
SemEval2010_task8,llm_only,real_100pct,SemEval2010_task8|llm_only|real_100pct|bd78ec185e3b|E5_contamination_probe_v2|train,bd78ec185e3b,10,8,False
SemEval2010_task8,scion_lite,name_only,SemEval2010_task8|scion_lite|name_only|bd78ec185e3b|E5_contamination_probe_v2|train,bd78ec185e3b,0,0,False
SemEval2010_task8,scion_lite,domain_only,SemEval2010_task8|scion_lite|domain_only|bd78ec185e3b|E5_contamination_probe_v2|train,bd78ec185e3b,74,4,False
SemEval2010_task8,scion_lite,empty,SemEval2010_task8|scion_lite|empty|bd78ec185e3b|E5_contamination_probe_v2|train,bd78ec185e3b,0,0,False
SemEval2010_task8,scion_lite,shuffled,SemEval2010_task8|scion_lite|shuffled|bd78ec185e3b|E5_contamination_probe_v2|train,bd78ec185e3b,70,4,False
SemEval2010_task8,scion_lite,real_1pct,SemEval2010_task8|scion_lite|real_1pct|bd78ec185e3b|E5_contamination_probe_v2|train,bd78ec185e3b,10,9,False
SemEval2010_task8,scion_lite,real_10pct,SemEval2010_task8|scion_lite|real_10pct|bd78ec185e3b|E5_contamination_probe_v2|train,bd78ec185e3b,10,9,False
SemEval2010_task8,scion_lite,real_25pct,SemEval2010_task8|scion_lite|real_25pct|bd78ec185e3b|E5_contamination_probe_v2|train,bd78ec185e3b,10,9,False
SemEval2010_task8,scion_lite,real_50pct,SemEval2010_task8|scion_lite|real_50pct|bd78ec185e3b|E5_contamination_probe_v2|train,bd78ec185e3b,10,9,False
SemEval2010_task8,scion_lite,real_100pct,SemEval2010_task8|scion_lite|real_100pct|bd78ec185e3b|E5_contamination_probe_v2|train,bd78ec185e3b,10,9,False
conll04,llm_only,name_only,conll04|llm_only|name_only|190a654d9add|E5_contamination_probe_v2|train,190a654d9add,0,0,False
conll04,llm_only,domain_only,conll04|llm_only|domain_only|190a654d9add|E5_contamination_probe_v2|train,190a654d9add,75,2,False
conll04,llm_only,empty,conll04|llm_only|empty|190a654d9add|E5_contamination_probe_v2|train,190a654d9add,0,0,False
conll04,llm_only,shuffled,conll04|llm_only|shuffled|190a654d9add|E5_contamination_probe_v2|train,190a654d9add,35,2,False
conll04,llm_only,real_1pct,conll04|llm_only|real_1pct|190a654d9add|E5_contamination_probe_v2|train,190a654d9add,4,4,False
conll04,llm_only,real_10pct,conll04|llm_only|real_10pct|190a654d9add|E5_contamination_probe_v2|train,190a654d9add,5,4,False
conll04,llm_only,real_25pct,conll04|llm_only|real_25pct|190a654d9add|E5_contamination_probe_v2|train,190a654d9add,5,4,False
conll04,llm_only,real_50pct,conll04|llm_only|real_50pct|190a654d9add|E5_contamination_probe_v2|train,190a654d9add,5,4,False
conll04,llm_only,real_100pct,conll04|llm_only|real_100pct|190a654d9add|E5_contamination_probe_v2|train,190a654d9add,5,4,False
conll04,scion_lite,name_only,conll04|scion_lite|name_only|190a654d9add|E5_contamination_probe_v2|train,190a654d9add,0,0,False
conll04,scion_lite,domain_only,conll04|scion_lite|domain_only|190a654d9add|E5_contamination_probe_v2|train,190a654d9add,75,2,False
conll04,scion_lite,empty,conll04|scion_lite|empty|190a654d9add|E5_contamination_probe_v2|train,190a654d9add,0,0,False
conll04,scion_lite,shuffled,conll04|scion_lite|shuffled|190a654d9add|E5_contamination_probe_v2|train,190a654d9add,35,2,False
conll04,scion_lite,real_1pct,conll04|scion_lite|real_1pct|190a654d9add|E5_contamination_probe_v2|train,190a654d9add,4,5,False
conll04,scion_lite,real_10pct,conll04|scion_lite|real_10pct|190a654d9add|E5_contamination_probe_v2|train,190a654d9add,5,5,False
conll04,scion_lite,real_25pct,conll04|scion_lite|real_25pct|190a654d9add|E5_contamination_probe_v2|train,190a654d9add,5,5,False
conll04,scion_lite,real_50pct,conll04|scion_lite|real_50pct|190a654d9add|E5_contamination_probe_v2|train,190a654d9add,5,5,False
conll04,scion_lite,real_100pct,conll04|scion_lite|real_100pct|190a654d9add|E5_contamination_probe_v2|train,190a654d9add,5,5,False
instructIE_en,llm_only,name_only,instructIE_en|llm_only|name_only|00f713bcd1a0|E5_contamination_probe_v2|train,00f713bcd1a0,257,37,False
instructIE_en,llm_only,domain_only,instructIE_en|llm_only|domain_only|00f713bcd1a0|E5_contamination_probe_v2|train,00f713bcd1a0,58,37,False
instructIE_en,llm_only,empty,instructIE_en|llm_only|empty|00f713bcd1a0|E5_contamination_probe_v2|train,00f713bcd1a0,0,0,False
instructIE_en,llm_only,shuffled,instructIE_en|llm_only|shuffled|00f713bcd1a0|E5_contamination_probe_v2|train,00f713bcd1a0,441,37,False
instructIE_en,llm_only,real_1pct,instructIE_en|llm_only|real_1pct|00f713bcd1a0|E5_contamination_probe_v2|train,00f713bcd1a0,29,42,False
instructIE_en,llm_only,real_10pct,instructIE_en|llm_only|real_10pct|00f713bcd1a0|E5_contamination_probe_v2|train,00f713bcd1a0,83,95,False
instructIE_en,llm_only,real_25pct,instructIE_en|llm_only|real_25pct|00f713bcd1a0|E5_contamination_probe_v2|train,00f713bcd1a0,91,95,False
instructIE_en,llm_only,real_50pct,instructIE_en|llm_only|real_50pct|00f713bcd1a0|E5_contamination_probe_v2|train,00f713bcd1a0,100,95,False
instructIE_en,llm_only,real_100pct,instructIE_en|llm_only|real_100pct|00f713bcd1a0|E5_contamination_probe_v2|train,00f713bcd1a0,103,95,False
instructIE_en,scion_lite,name_only,instructIE_en|scion_lite|name_only|00f713bcd1a0|E5_contamination_probe_v2|train,00f713bcd1a0,257,44,False
instructIE_en,scion_lite,domain_only,instructIE_en|scion_lite|domain_only|00f713bcd1a0|E5_contamination_probe_v2|train,00f713bcd1a0,58,44,False
instructIE_en,scion_lite,empty,instructIE_en|scion_lite|empty|00f713bcd1a0|E5_contamination_probe_v2|train,00f713bcd1a0,0,0,False
instructIE_en,scion_lite,shuffled,instructIE_en|scion_lite|shuffled|00f713bcd1a0|E5_contamination_probe_v2|train,00f713bcd1a0,441,43,False
instructIE_en,scion_lite,real_1pct,instructIE_en|scion_lite|real_1pct|00f713bcd1a0|E5_contamination_probe_v2|train,00f713bcd1a0,29,38,False
instructIE_en,scion_lite,real_10pct,instructIE_en|scion_lite|real_10pct|00f713bcd1a0|E5_contamination_probe_v2|train,00f713bcd1a0,83,92,False
instructIE_en,scion_lite,real_25pct,instructIE_en|scion_lite|real_25pct|00f713bcd1a0|E5_contamination_probe_v2|train,00f713bcd1a0,91,100,False
instructIE_en,scion_lite,real_50pct,instructIE_en|scion_lite|real_50pct|00f713bcd1a0|E5_contamination_probe_v2|train,00f713bcd1a0,100,102,False
instructIE_en,scion_lite,real_100pct,instructIE_en|scion_lite|real_100pct|00f713bcd1a0|E5_contamination_probe_v2|train,00f713bcd1a0,103,102,False
kbp37,llm_only,name_only,kbp37|llm_only|name_only|d682a30d454f|E5_contamination_probe_v2|train,d682a30d454f,0,0,False
kbp37,llm_only,domain_only,kbp37|llm_only|domain_only|d682a30d454f|E5_contamination_probe_v2|train,d682a30d454f,73,5,False
kbp37,llm_only,empty,kbp37|llm_only|empty|d682a30d454f|E5_contamination_probe_v2|train,d682a30d454f,0,0,False
kbp37,llm_only,shuffled,kbp37|llm_only|shuffled|d682a30d454f|E5_contamination_probe_v2|train,d682a30d454f,126,5,False
kbp37,llm_only,real_1pct,kbp37|llm_only|real_1pct|d682a30d454f|E5_contamination_probe_v2|train,d682a30d454f,17,14,False
kbp37,llm_only,real_10pct,kbp37|llm_only|real_10pct|d682a30d454f|E5_contamination_probe_v2|train,d682a30d454f,18,14,False
kbp37,llm_only,real_25pct,kbp37|llm_only|real_25pct|d682a30d454f|E5_contamination_probe_v2|train,d682a30d454f,18,14,False
kbp37,llm_only,real_50pct,kbp37|llm_only|real_50pct|d682a30d454f|E5_contamination_probe_v2|train,d682a30d454f,18,14,False
kbp37,llm_only,real_100pct,kbp37|llm_only|real_100pct|d682a30d454f|E5_contamination_probe_v2|train,d682a30d454f,18,14,False
kbp37,scion_lite,name_only,kbp37|scion_lite|name_only|d682a30d454f|E5_contamination_probe_v2|train,d682a30d454f,0,0,False
kbp37,scion_lite,domain_only,kbp37|scion_lite|domain_only|d682a30d454f|E5_contamination_probe_v2|train,d682a30d454f,73,6,False
kbp37,scion_lite,empty,kbp37|scion_lite|empty|d682a30d454f|E5_contamination_probe_v2|train,d682a30d454f,0,0,False
kbp37,scion_lite,shuffled,kbp37|scion_lite|shuffled|d682a30d454f|E5_contamination_probe_v2|train,d682a30d454f,126,6,False
kbp37,scion_lite,real_1pct,kbp37|scion_lite|real_1pct|d682a30d454f|E5_contamination_probe_v2|train,d682a30d454f,17,15,False
kbp37,scion_lite,real_10pct,kbp37|scion_lite|real_10pct|d682a30d454f|E5_contamination_probe_v2|train,d682a30d454f,18,15,False
kbp37,scion_lite,real_25pct,kbp37|scion_lite|real_25pct|d682a30d454f|E5_contamination_probe_v2|train,d682a30d454f,18,15,False
kbp37,scion_lite,real_50pct,kbp37|scion_lite|real_50pct|d682a30d454f|E5_contamination_probe_v2|train,d682a30d454f,18,15,False
kbp37,scion_lite,real_100pct,kbp37|scion_lite|real_100pct|d682a30d454f|E5_contamination_probe_v2|train,d682a30d454f,18,15,False
CMeIE,llm_only,name_only,CMeIE|llm_only|name_only|7f82d56063d7|E5_contamination_probe_v2|train,7f82d56063d7,0,0,False
CMeIE,llm_only,domain_only,CMeIE|llm_only|domain_only|7f82d56063d7|E5_contamination_probe_v2|train,7f82d56063d7,68,16,False
CMeIE,llm_only,empty,CMeIE|llm_only|empty|7f82d56063d7|E5_contamination_probe_v2|train,7f82d56063d7,0,0,False
CMeIE,llm_only,shuffled,CMeIE|llm_only|shuffled|7f82d56063d7|E5_contamination_probe_v2|train,7f82d56063d7,333,17,False
CMeIE,llm_only,real_1pct,CMeIE|llm_only|real_1pct|7f82d56063d7|E5_contamination_probe_v2|train,7f82d56063d7,35,41,False
CMeIE,llm_only,real_10pct,CMeIE|llm_only|real_10pct|7f82d56063d7|E5_contamination_probe_v2|train,7f82d56063d7,49,43,False
CMeIE,llm_only,real_25pct,CMeIE|llm_only|real_25pct|7f82d56063d7|E5_contamination_probe_v2|train,7f82d56063d7,52,43,False
CMeIE,llm_only,real_50pct,CMeIE|llm_only|real_50pct|7f82d56063d7|E5_contamination_probe_v2|train,7f82d56063d7,52,43,False
CMeIE,llm_only,real_100pct,CMeIE|llm_only|real_100pct|7f82d56063d7|E5_contamination_probe_v2|train,7f82d56063d7,53,43,False
CMeIE,scion_lite,name_only,CMeIE|scion_lite|name_only|7f82d56063d7|E5_contamination_probe_v2|train,7f82d56063d7,0,0,False
CMeIE,scion_lite,domain_only,CMeIE|scion_lite|domain_only|7f82d56063d7|E5_contamination_probe_v2|train,7f82d56063d7,68,20,False
CMeIE,scion_lite,empty,CMeIE|scion_lite|empty|7f82d56063d7|E5_contamination_probe_v2|train,7f82d56063d7,0,0,False
CMeIE,scion_lite,shuffled,CMeIE|scion_lite|shuffled|7f82d56063d7|E5_contamination_probe_v2|train,7f82d56063d7,333,20,False
CMeIE,scion_lite,real_1pct,CMeIE|scion_lite|real_1pct|7f82d56063d7|E5_contamination_probe_v2|train,7f82d56063d7,35,39,False
CMeIE,scion_lite,real_10pct,CMeIE|scion_lite|real_10pct|7f82d56063d7|E5_contamination_probe_v2|train,7f82d56063d7,49,46,False
CMeIE,scion_lite,real_25pct,CMeIE|scion_lite|real_25pct|7f82d56063d7|E5_contamination_probe_v2|train,7f82d56063d7,52,46,False
CMeIE,scion_lite,real_50pct,CMeIE|scion_lite|real_50pct|7f82d56063d7|E5_contamination_probe_v2|train,7f82d56063d7,52,46,False
CMeIE,scion_lite,real_100pct,CMeIE|scion_lite|real_100pct|7f82d56063d7|E5_contamination_probe_v2|train,7f82d56063d7,53,46,False
COAE2016,llm_only,name_only,COAE2016|llm_only|name_only|0c6173a646f8|E5_contamination_probe_v2|train,0c6173a646f8,0,0,False
COAE2016,llm_only,domain_only,COAE2016|llm_only|domain_only|0c6173a646f8|E5_contamination_probe_v2|train,0c6173a646f8,73,5,False
COAE2016,llm_only,empty,COAE2016|llm_only|empty|0c6173a646f8|E5_contamination_probe_v2|train,0c6173a646f8,0,0,False
COAE2016,llm_only,shuffled,COAE2016|llm_only|shuffled|0c6173a646f8|E5_contamination_probe_v2|train,0c6173a646f8,57,5,False
COAE2016,llm_only,real_1pct,COAE2016|llm_only|real_1pct|0c6173a646f8|E5_contamination_probe_v2|train,0c6173a646f8,4,6,False
COAE2016,llm_only,real_10pct,COAE2016|llm_only|real_10pct|0c6173a646f8|E5_contamination_probe_v2|train,0c6173a646f8,9,11,False
COAE2016,llm_only,real_25pct,COAE2016|llm_only|real_25pct|0c6173a646f8|E5_contamination_probe_v2|train,0c6173a646f8,9,11,False
COAE2016,llm_only,real_50pct,COAE2016|llm_only|real_50pct|0c6173a646f8|E5_contamination_probe_v2|train,0c6173a646f8,9,11,False
COAE2016,llm_only,real_100pct,COAE2016|llm_only|real_100pct|0c6173a646f8|E5_contamination_probe_v2|train,0c6173a646f8,9,11,False
COAE2016,scion_lite,name_only,COAE2016|scion_lite|name_only|0c6173a646f8|E5_contamination_probe_v2|train,0c6173a646f8,0,0,False
COAE2016,scion_lite,domain_only,COAE2016|scion_lite|domain_only|0c6173a646f8|E5_contamination_probe_v2|train,0c6173a646f8,73,6,False
COAE2016,scion_lite,empty,COAE2016|scion_lite|empty|0c6173a646f8|E5_contamination_probe_v2|train,0c6173a646f8,0,0,False
COAE2016,scion_lite,shuffled,COAE2016|scion_lite|shuffled|0c6173a646f8|E5_contamination_probe_v2|train,0c6173a646f8,57,6,False
COAE2016,scion_lite,real_1pct,COAE2016|scion_lite|real_1pct|0c6173a646f8|E5_contamination_probe_v2|train,0c6173a646f8,4,5,False
COAE2016,scion_lite,real_10pct,COAE2016|scion_lite|real_10pct|0c6173a646f8|E5_contamination_probe_v2|train,0c6173a646f8,9,10,False
COAE2016,scion_lite,real_25pct,COAE2016|scion_lite|real_25pct|0c6173a646f8|E5_contamination_probe_v2|train,0c6173a646f8,9,10,False
COAE2016,scion_lite,real_50pct,COAE2016|scion_lite|real_50pct|0c6173a646f8|E5_contamination_probe_v2|train,0c6173a646f8,9,10,False
COAE2016,scion_lite,real_100pct,COAE2016|scion_lite|real_100pct|0c6173a646f8|E5_contamination_probe_v2|train,0c6173a646f8,9,10,False
IPRE,llm_only,name_only,IPRE|llm_only|name_only|4feac89df094|E5_contamination_probe_v2|train,4feac89df094,0,0,False
IPRE,llm_only,domain_only,IPRE|llm_only|domain_only|4feac89df094|E5_contamination_probe_v2|train,4feac89df094,65,23,False
IPRE,llm_only,empty,IPRE|llm_only|empty|4feac89df094|E5_contamination_probe_v2|train,4feac89df094,0,0,False
IPRE,llm_only,shuffled,IPRE|llm_only|shuffled|4feac89df094|E5_contamination_probe_v2|train,4feac89df094,124,23,False
IPRE,llm_only,real_1pct,IPRE|llm_only|real_1pct|4feac89df094|E5_contamination_probe_v2|train,4feac89df094,7,15,False
IPRE,llm_only,real_10pct,IPRE|llm_only|real_10pct|4feac89df094|E5_contamination_probe_v2|train,4feac89df094,21,29,False
IPRE,llm_only,real_25pct,IPRE|llm_only|real_25pct|4feac89df094|E5_contamination_probe_v2|train,4feac89df094,27,34,False
IPRE,llm_only,real_50pct,IPRE|llm_only|real_50pct|4feac89df094|E5_contamination_probe_v2|train,4feac89df094,30,38,False
IPRE,llm_only,real_100pct,IPRE|llm_only|real_100pct|4feac89df094|E5_contamination_probe_v2|train,4feac89df094,31,39,False
IPRE,scion_lite,name_only,IPRE|scion_lite|name_only|4feac89df094|E5_contamination_probe_v2|train,4feac89df094,0,0,False
IPRE,scion_lite,domain_only,IPRE|scion_lite|domain_only|4feac89df094|E5_contamination_probe_v2|train,4feac89df094,65,26,False
IPRE,scion_lite,empty,IPRE|scion_lite|empty|4feac89df094|E5_contamination_probe_v2|train,4feac89df094,0,0,False
IPRE,scion_lite,shuffled,IPRE|scion_lite|shuffled|4feac89df094|E5_contamination_probe_v2|train,4feac89df094,124,26,False
IPRE,scion_lite,real_1pct,IPRE|scion_lite|real_1pct|4feac89df094|E5_contamination_probe_v2|train,4feac89df094,7,12,False
IPRE,scion_lite,real_10pct,IPRE|scion_lite|real_10pct|4feac89df094|E5_contamination_probe_v2|train,4feac89df094,21,26,False
IPRE,scion_lite,real_25pct,IPRE|scion_lite|real_25pct|4feac89df094|E5_contamination_probe_v2|train,4feac89df094,27,32,False
IPRE,scion_lite,real_50pct,IPRE|scion_lite|real_50pct|4feac89df094|E5_contamination_probe_v2|train,4feac89df094,30,35,False
IPRE,scion_lite,real_100pct,IPRE|scion_lite|real_100pct|4feac89df094|E5_contamination_probe_v2|train,4feac89df094,31,36,False
SKE2020,llm_only,name_only,SKE2020|llm_only|name_only|d0db6e34612e|E5_contamination_probe_v2|train,d0db6e34612e,0,0,False
SKE2020,llm_only,domain_only,SKE2020|llm_only|domain_only|d0db6e34612e|E5_contamination_probe_v2|train,d0db6e34612e,74,15,False
SKE2020,llm_only,empty,SKE2020|llm_only|empty|d0db6e34612e|E5_contamination_probe_v2|train,d0db6e34612e,0,0,False
SKE2020,llm_only,shuffled,SKE2020|llm_only|shuffled|d0db6e34612e|E5_contamination_probe_v2|train,d0db6e34612e,242,15,False
SKE2020,llm_only,real_1pct,SKE2020|llm_only|real_1pct|d0db6e34612e|E5_contamination_probe_v2|train,d0db6e34612e,20,25,False
SKE2020,llm_only,real_10pct,SKE2020|llm_only|real_10pct|d0db6e34612e|E5_contamination_probe_v2|train,d0db6e34612e,42,39,False
SKE2020,llm_only,real_25pct,SKE2020|llm_only|real_25pct|d0db6e34612e|E5_contamination_probe_v2|train,d0db6e34612e,46,39,False
SKE2020,llm_only,real_50pct,SKE2020|llm_only|real_50pct|d0db6e34612e|E5_contamination_probe_v2|train,d0db6e34612e,49,39,False
SKE2020,llm_only,real_100pct,SKE2020|llm_only|real_100pct|d0db6e34612e|E5_contamination_probe_v2|train,d0db6e34612e,49,39,False
SKE2020,scion_lite,name_only,SKE2020|scion_lite|name_only|d0db6e34612e|E5_contamination_probe_v2|train,d0db6e34612e,0,0,False
SKE2020,scion_lite,domain_only,SKE2020|scion_lite|domain_only|d0db6e34612e|E5_contamination_probe_v2|train,d0db6e34612e,74,18,False
SKE2020,scion_lite,empty,SKE2020|scion_lite|empty|d0db6e34612e|E5_contamination_probe_v2|train,d0db6e34612e,0,0,False
SKE2020,scion_lite,shuffled,SKE2020|scion_lite|shuffled|d0db6e34612e|E5_contamination_probe_v2|train,d0db6e34612e,242,18,False
SKE2020,scion_lite,real_1pct,SKE2020|scion_lite|real_1pct|d0db6e34612e|E5_contamination_probe_v2|train,d0db6e34612e,20,23,False
SKE2020,scion_lite,real_10pct,SKE2020|scion_lite|real_10pct|d0db6e34612e|E5_contamination_probe_v2|train,d0db6e34612e,42,42,False
SKE2020,scion_lite,real_25pct,SKE2020|scion_lite|real_25pct|d0db6e34612e|E5_contamination_probe_v2|train,d0db6e34612e,46,42,False
SKE2020,scion_lite,real_50pct,SKE2020|scion_lite|real_50pct|d0db6e34612e|E5_contamination_probe_v2|train,d0db6e34612e,49,42,False
SKE2020,scion_lite,real_100pct,SKE2020|scion_lite|real_100pct|d0db6e34612e|E5_contamination_probe_v2|train,d0db6e34612e,49,42,False
duIE_zh,llm_only,name_only,duIE_zh|llm_only|name_only|53d30d974c46|E5_contamination_probe_v2|train,53d30d974c46,0,0,False
duIE_zh,llm_only,domain_only,duIE_zh|llm_only|domain_only|53d30d974c46|E5_contamination_probe_v2|train,53d30d974c46,73,18,False
duIE_zh,llm_only,empty,duIE_zh|llm_only|empty|53d30d974c46|E5_contamination_probe_v2|train,53d30d974c46,0,0,False
duIE_zh,llm_only,shuffled,duIE_zh|llm_only|shuffled|53d30d974c46|E5_contamination_probe_v2|train,53d30d974c46,374,18,False
duIE_zh,llm_only,real_1pct,duIE_zh|llm_only|real_1pct|53d30d974c46|E5_contamination_probe_v2|train,53d30d974c46,51,45,False
duIE_zh,llm_only,real_10pct,duIE_zh|llm_only|real_10pct|53d30d974c46|E5_contamination_probe_v2|train,53d30d974c46,55,45,False
duIE_zh,llm_only,real_25pct,duIE_zh|llm_only|real_25pct|53d30d974c46|E5_contamination_probe_v2|train,53d30d974c46,55,45,False
duIE_zh,llm_only,real_50pct,duIE_zh|llm_only|real_50pct|53d30d974c46|E5_contamination_probe_v2|train,53d30d974c46,55,45,False
duIE_zh,llm_only,real_100pct,duIE_zh|llm_only|real_100pct|53d30d974c46|E5_contamination_probe_v2|train,53d30d974c46,55,45,False
duIE_zh,scion_lite,name_only,duIE_zh|scion_lite|name_only|53d30d974c46|E5_contamination_probe_v2|train,53d30d974c46,0,0,False
duIE_zh,scion_lite,domain_only,duIE_zh|scion_lite|domain_only|53d30d974c46|E5_contamination_probe_v2|train,53d30d974c46,73,21,False
duIE_zh,scion_lite,empty,duIE_zh|scion_lite|empty|53d30d974c46|E5_contamination_probe_v2|train,53d30d974c46,0,0,False
duIE_zh,scion_lite,shuffled,duIE_zh|scion_lite|shuffled|53d30d974c46|E5_contamination_probe_v2|train,53d30d974c46,374,21,False
duIE_zh,scion_lite,real_1pct,duIE_zh|scion_lite|real_1pct|53d30d974c46|E5_contamination_probe_v2|train,53d30d974c46,51,48,False
duIE_zh,scion_lite,real_10pct,duIE_zh|scion_lite|real_10pct|53d30d974c46|E5_contamination_probe_v2|train,53d30d974c46,55,48,False
duIE_zh,scion_lite,real_25pct,duIE_zh|scion_lite|real_25pct|53d30d974c46|E5_contamination_probe_v2|train,53d30d974c46,55,48,False
duIE_zh,scion_lite,real_50pct,duIE_zh|scion_lite|real_50pct|53d30d974c46|E5_contamination_probe_v2|train,53d30d974c46,55,48,False
duIE_zh,scion_lite,real_100pct,duIE_zh|scion_lite|real_100pct|53d30d974c46|E5_contamination_probe_v2|train,53d30d974c46,55,48,False
instructIE_zh,llm_only,name_only,instructIE_zh|llm_only|name_only|0445c2dcf240|E5_contamination_probe_v2|train,0445c2dcf240,0,0,False
instructIE_zh,llm_only,domain_only,instructIE_zh|llm_only|domain_only|0445c2dcf240|E5_contamination_probe_v2|train,0445c2dcf240,58,37,False
instructIE_zh,llm_only,empty,instructIE_zh|llm_only|empty|0445c2dcf240|E5_contamination_probe_v2|train,0445c2dcf240,0,0,False
instructIE_zh,llm_only,shuffled,instructIE_zh|llm_only|shuffled|0445c2dcf240|E5_contamination_probe_v2|train,0445c2dcf240,451,36,False
instructIE_zh,llm_only,real_1pct,instructIE_zh|llm_only|real_1pct|0445c2dcf240|E5_contamination_probe_v2|train,0445c2dcf240,25,38,False
instructIE_zh,llm_only,real_10pct,instructIE_zh|llm_only|real_10pct|0445c2dcf240|E5_contamination_probe_v2|train,0445c2dcf240,81,94,False
instructIE_zh,llm_only,real_25pct,instructIE_zh|llm_only|real_25pct|0445c2dcf240|E5_contamination_probe_v2|train,0445c2dcf240,97,101,False
instructIE_zh,llm_only,real_50pct,instructIE_zh|llm_only|real_50pct|0445c2dcf240|E5_contamination_probe_v2|train,0445c2dcf240,103,101,False
instructIE_zh,llm_only,real_100pct,instructIE_zh|llm_only|real_100pct|0445c2dcf240|E5_contamination_probe_v2|train,0445c2dcf240,105,101,False
instructIE_zh,scion_lite,name_only,instructIE_zh|scion_lite|name_only|0445c2dcf240|E5_contamination_probe_v2|train,0445c2dcf240,0,0,False
instructIE_zh,scion_lite,domain_only,instructIE_zh|scion_lite|domain_only|0445c2dcf240|E5_contamination_probe_v2|train,0445c2dcf240,58,44,False
instructIE_zh,scion_lite,empty,instructIE_zh|scion_lite|empty|0445c2dcf240|E5_contamination_probe_v2|train,0445c2dcf240,0,0,False
instructIE_zh,scion_lite,shuffled,instructIE_zh|scion_lite|shuffled|0445c2dcf240|E5_contamination_probe_v2|train,0445c2dcf240,451,44,False
instructIE_zh,scion_lite,real_1pct,instructIE_zh|scion_lite|real_1pct|0445c2dcf240|E5_contamination_probe_v2|train,0445c2dcf240,25,33,False
instructIE_zh,scion_lite,real_10pct,instructIE_zh|scion_lite|real_10pct|0445c2dcf240|E5_contamination_probe_v2|train,0445c2dcf240,81,90,False
instructIE_zh,scion_lite,real_25pct,instructIE_zh|scion_lite|real_25pct|0445c2dcf240|E5_contamination_probe_v2|train,0445c2dcf240,97,106,False
instructIE_zh,scion_lite,real_50pct,instructIE_zh|scion_lite|real_50pct|0445c2dcf240|E5_contamination_probe_v2|train,0445c2dcf240,103,109,False
instructIE_zh,scion_lite,real_100pct,instructIE_zh|scion_lite|real_100pct|0445c2dcf240|E5_contamination_probe_v2|train,0445c2dcf240,105,109,False
