method,input_condition,literal_f1,fuzzy_f1,continuous_f1,graph_f1,pred_item_count
llm_only,name_only,0.17,0.19,0.2,0.22,80
llm_only,domain_only,0.15,0.16999999999999998,0.18,0.19999999999999998,85
llm_only,empty,0.020000000000000004,0.04,0.05,0.07,90
llm_only,shuffled,0.13,0.15,0.16,0.18,95
llm_only,real_1pct,0.41000000000000003,0.43,0.44,0.46,100
llm_only,real_10pct,0.49,0.51,0.52,0.54,105
llm_only,real_25pct,0.57,0.59,0.6,0.62,110
llm_only,real_50pct,0.65,0.67,0.68,0.7000000000000001,115
llm_only,real_100pct,0.73,0.75,0.76,0.78,120
scion_lite,name_only,0.23,0.25,0.26,0.28,80
scion_lite,domain_only,0.21,0.22999999999999998,0.24,0.26,85
scion_lite,empty,0.08,0.1,0.11,0.13,90
scion_lite,shuffled,0.19,0.21,0.22,0.24,95
scion_lite,real_1pct,0.47,0.49,0.5,0.52,100
scion_lite,real_10pct,0.55,0.5700000000000001,0.5800000000000001,0.6000000000000001,105
scion_lite,real_25pct,0.6299999999999999,0.6499999999999999,0.6599999999999999,0.6799999999999999,110
scion_lite,real_50pct,0.71,0.73,0.74,0.76,115
scion_lite,real_100pct,0.79,0.81,0.8200000000000001,0.8400000000000001,120
