source,method,name_only_score,shuffled_score,real_100pct_score,gap_real_minus_name_only,gap_real_minus_shuffled
CASIE,llm_only,0.0,0.5862499860132143,0.9317429829167935,0.9317429829167935,0.34549299690357915
CASIE,scion_lite,0.0,0.6078909810887974,0.9500428914360205,0.9500428914360205,0.34215191034722314
CrudeOilNews,llm_only,0.0,0.6394047769862011,0.9350192394077124,0.9350192394077124,0.29561446242151124
CrudeOilNews,scion_lite,0.0,0.662487865335177,0.9544903812972602,0.9544903812972602,0.29200251596208315
PHEE,llm_only,0.0,0.7259177259874221,0.9529426624761311,0.9529426624761311,0.22702493648870903
PHEE,scion_lite,0.0,0.7129040924590578,0.9691785838475889,0.9691785838475889,0.2562744913885311
RAMS,llm_only,0.0,0.6502123535332287,0.9287944929709948,0.9287944929709948,0.2785821394377661
RAMS,scion_lite,0.0,0.692666577474773,0.9456179443976126,0.9456179443976126,0.2529513669228396
WikiEvents,llm_only,0.0,0.4929409637585351,0.7319577581358615,0.7319577581358615,0.23901679437732642
WikiEvents,scion_lite,0.0,0.50579506940142,0.7358181681554021,0.7358181681554021,0.23002309875398208
DuEE-fin,llm_only,0.11890021849963582,0.5459217877094972,0.9053220602050401,0.7864218417054043,0.35940027249554296
DuEE-fin,scion_lite,0.12011545293072824,0.5954887218045113,0.9380333680536521,0.8179179151229239,0.3425446462491408
DuEE1.0,llm_only,0.0,0.5913689232877278,0.9227380497696396,0.9227380497696396,0.33136912648191175
DuEE1.0,scion_lite,0.0,0.636579539580931,0.9515002910617579,0.9515002910617579,0.3149207514808269
FewFC,llm_only,0.0,0.4924960085151676,0.9019648397104447,0.9019648397104447,0.4094688311952771
FewFC,scion_lite,0.0,0.5432746793915897,0.936420433664094,0.936420433664094,0.3931457542725043
ccf_law,llm_only,0.15656565656565655,0.5066614725360343,0.9028727770177839,0.7463071204521273,0.39621130448174957
ccf_law,scion_lite,0.15723270440251572,0.5808343367093987,0.9359605911330049,0.7787278867304892,0.35512625442360624
ADE_corpus,llm_only,0.0,0.0,0.9473684210526316,0.9473684210526316,0.9473684210526316
ADE_corpus,scion_lite,0.0,0.0,0.9473684210526316,0.9473684210526316,0.9473684210526316
GIDS,llm_only,0.0,0.0,0.0,0.0,0.0
GIDS,scion_lite,0.0,0.32667194301543334,0.4358403797656134,0.4358403797656134,0.10916843675018006
NYT11,llm_only,0.04311782387492167,0.5161059413027917,0.9074638417259228,0.8643460178510011,0.391357900423131
NYT11,scion_lite,0.0,0.595460781746348,0.9281703651595576,0.9281703651595576,0.33270958341320966
New-York-Times-RE,llm_only,0.18165031620562413,0.3428974827585604,0.5152647824828784,0.33361446627725433,0.17236729972431802
New-York-Times-RE,scion_lite,0.0,0.4177670003893728,0.5233763039718391,0.5233763039718391,0.10560930358246629
SciERC,llm_only,0.0,0.5452991452991454,0.885140562248996,0.885140562248996,0.3398414169498506
SciERC,scion_lite,0.0,0.6004504504504505,0.9244215938303343,0.9244215938303343,0.32397114337988375
SemEval2010_task8,llm_only,0.0,0.53297070095191,0.8653034728984096,0.8653034728984096,0.33233277194649957
SemEval2010_task8,scion_lite,0.0,0.5777192438797645,0.9171695008228196,0.9171695008228196,0.3394502569430551
conll04,llm_only,0.0,0.5025232403718458,0.8518518518518519,0.8518518518518519,0.34932861148000605
conll04,scion_lite,0.0,0.5025232403718458,0.932142857142857,0.932142857142857,0.42961961677101124
instructIE_en,llm_only,0.04044127297204969,0.5701180793814927,0.9210148119307328,0.8805735389586831,0.35089673254924003
instructIE_en,scion_lite,0.038078099631049266,0.6131407804626058,0.9481907277003568,0.9101126280693076,0.33504994723775106
kbp37,llm_only,0.0,0.5218292749190775,0.9214216984357977,0.9214216984357977,0.3995924235167202
kbp37,scion_lite,0.0,0.609239507282621,0.9413352970054001,0.9413352970054001,0.3320957897227791
CMeIE,llm_only,0.0,0.5823690283750674,0.9160239726845109,0.9160239726845109,0.3336549443094434
CMeIE,scion_lite,0.0,0.6327688051894713,0.9446063128685398,0.9446063128685398,0.3118375076790685
COAE2016,llm_only,0.0,0.5908839779005525,0.9767441860465117,0.9767441860465117,0.3858602081459592
COAE2016,scion_lite,0.0,0.6532631578947368,0.9873417721518987,0.9873417721518987,0.3340786142571619
IPRE,llm_only,0.0,0.5893088552915767,0.9457784663051897,0.9457784663051897,0.35646961101361296
IPRE,scion_lite,0.0,0.6175663311985361,0.9539357387958822,0.9539357387958822,0.3363694075973461
SKE2020,llm_only,0.0,0.4806104246772327,0.8911816424275985,0.8911816424275985,0.41057121775036576
SKE2020,scion_lite,0.0,0.557479365377688,0.9322870654263887,0.9322870654263887,0.3748077000487007
duIE_zh,llm_only,0.0,0.0,0.0,0.0,0.0
duIE_zh,scion_lite,0.0,0.0,0.0,0.0,0.0
instructIE_zh,llm_only,0.0,0.574896093100582,0.8946567454831769,0.8946567454831769,0.3197606523825949
instructIE_zh,scion_lite,0.0,0.6006175669680797,0.9269145699667368,0.9269145699667368,0.32629700299865716
