pair_id,annotator_a,annotator_b,adjudicated,notes
P0001,0,0,0,
P0002,0,0,0,
P0003,0,0,0,
P0004,0,0,0,
P0005,0,0,0,
P0006,0,0,0,
P0007,0,0,0,
P0008,0,0,0,
P0009,0,0,0,
P0010,0,0,0,A1:关系标签虽一致，但证据不支持 neighborhood of | A2:pred带有_noise0，拒绝
P0011,0,0,0,
P0012,0,0,0,
P0013,0,0,0,
P0014,0,0,0,
P0015,0,0,0,
P0016,0,0,0,
P0017,0,0,0,
P0018,0,0,0,
P0019,0,0,0,
P0020,0,0,0,
P0021,0,0,0,
P0022,0,0,0,
P0023,0,0,0,
P0024,0,0,0,
P0025,0,0,0,
P0026,0,0,0,
P0027,0,0,0,
P0028,0,0,0,
P0029,0,0,0,
P0030,0,0,0,
P0031,0,0,0,
P0032,0,0,0,
P0033,0,0,0,
P0034,0,0,0,
P0035,0,0,0,A1:标签一致，但证据是中标公告，不支持被约谈事件 | A2:pred带有_noise3，拒绝
P0036,0,0,0,
P0037,0,0,0,
P0038,0,0,0,
P0039,0,0,0,
P0040,0,0,0,
P0041,0,0,0,
P0042,0,0,0,
P0043,0,0,0,A2:pred带有_noise0，拒绝
P0044,0,0,0,A2:pred带有_noise1，拒绝
P0045,1,1,1,A1:证据出现 diabetic patient，支持 adverse event 的 subject
P0046,0,1,0,A1:标签一致，但证据是任职信息，不支持出生地
P0047,0,0,0,
P0048,0,0,0,
P0049,0,0,0,
P0050,0,0,0,
P0051,0,0,0,
P0052,0,0,0,
P0053,0,0,0,
P0054,0,0,0,
P0055,0,0,0,
P0056,0,0,0,A2:pred带有_noise4，拒绝
P0057,0,0,0,A2:pred带有_noise0，拒绝
P0058,0,0,0,
P0059,0,0,0,A2:pred带有_noise0，拒绝
P0060,0,0,0,A2:pred带有_noise0，拒绝
P0061,0,0,0,A2:pred带有_noise1，拒绝
P0062,0,0,0,
P0063,0,1,0,A1:标签一致，但证据是受害人居住地，不支持 orgbased_in
P0064,0,0,0,
P0065,0,0,0,
P0066,0,0,0,
P0067,0,1,0,A1:标签一致，但证据更像任职机构，不是受教育机构
P0068,0,0,0,
P0069,0,0,0,A2:institution vs degree 不匹配
P0070,0,0,0,
P0071,0,0,0,
P0072,0,0,0,
P0073,0,0,0,
P0074,0,0,0,
P0075,0,0,0,
P0076,0,0,0,
P0077,0,0,0,
P0078,0,0,0,
P0079,0,0,0,A2:pred带有_noise0，拒绝
P0080,0,0,0,
P0081,0,0,0,
P0082,0,0,0,
P0083,0,0,0,
P0084,0,0,0,
P0085,0,0,0,A2:pred带有_noise0，拒绝
P0086,0,0,0,
P0087,0,0,0,
P0088,1,0,1,A1:tracker 与 tracking task 在该句中 used for / evaluate for 边界接近，接受
P0089,0,0,0,
P0090,0,0,0,
P0091,1,1,1,A1:imiquimod 引发 epidermoid cysts，adverse effect 明确
P0092,0,0,0,
P0093,0,0,0,
P0094,0,0,0,
P0095,0,0,0,
P0096,0,0,0,
P0097,0,0,0,
P0098,0,0,0,
P0099,0,0,0,
P0100,0,0,0,
P0101,0,0,0,
P0102,1,0,1,A1:used for / evaluate for 边界接近，接受
P0103,0,0,0,
P0104,0,0,0,
P0105,0,0,0,
P0106,0,0,0,A2:pred带有_noise0，拒绝
P0107,0,0,0,
P0108,0,0,0,A2:pred带有_noise1，拒绝
P0109,0,0,0,
P0110,0,0,0,
P0111,0,0,0,
P0112,0,0,0,
P0113,0,0,0,
P0114,0,0,0,
P0115,0,0,0,
P0116,0,0,0,A2:pred带有_noise3，拒绝
P0117,0,0,0,
P0118,0,0,0,A2:pred带有_noise0，拒绝
P0119,0,0,0,
P0120,0,0,0,
P0121,0,0,0,
P0122,0,0,0,
P0123,0,0,0,
P0124,0,0,0,
P0125,0,1,0,A1:标签一致，但证据更像任职机构，不是受教育机构
P0126,0,0,0,A2:pred带有_noise0，拒绝
P0127,0,0,0,
P0128,1,1,1,A1:药物→不良反应关系明确
P0129,0,0,0,
P0130,0,0,0,
P0131,0,0,0,
P0132,0,0,0,
P0133,0,1,0,A1:标签一致，但证据未出现 potential therapeutic event 的 treatment.freq
P0134,0,0,0,
P0135,0,0,0,
P0136,0,0,0,
P0137,0,0,0,
P0138,0,0,0,
P0139,0,0,0,
P0140,0,0,0,A2:pred带有_noise0，拒绝
P0141,0,0,0,
P0142,0,0,0,
P0143,0,0,0,
P0144,0,0,0,
P0145,0,0,0,
P0146,0,0,0,
P0147,0,0,0,
P0148,0,0,0,
P0149,0,0,0,
P0150,0,0,0,A2:pred带有_noise0，拒绝
P0151,0,0,0,
P0152,0,0,0,
P0153,0,0,0,
P0154,0,0,0,A2:pred带有_noise0，拒绝
P0155,0,0,0,
P0156,0,0,0,
P0157,0,0,0,
P0158,0,0,0,
P0159,0,0,0,
P0160,0,0,0,
P0161,0,0,0,
P0162,0,0,0,
P0163,0,0,0,
P0164,0,0,0,
P0165,0,0,0,
P0166,0,0,0,
P0167,0,0,0,
P0168,0,0,0,
P0169,0,0,0,A2:pred带有_noise0，拒绝
P0170,0,0,0,
P0171,1,1,1,A1:“已婚多年，孩子3岁”可推断母亲关系
P0172,0,0,0,
P0173,0,0,0,
P0174,0,0,0,
P0175,0,0,0,
P0176,0,0,0,
P0177,0,0,0,
P0178,0,0,0,
P0179,0,0,0,
P0180,0,0,0,A2:pred带有_noise0，拒绝
P0181,0,0,0,
P0182,0,1,0,A1:标签一致，但证据未出现出轨事件
P0183,0,0,0,
P0184,0,0,0,
P0185,1,0,1,A1:noise 后缀，不影响 adverse effect 判断 | A2:pred带有_noise0，拒绝
P0186,0,0,0,
P0187,0,0,0,
P0188,1,0,1,A1:noise 后缀，不影响中标金额角色判断 | A2:pred带有_noise1，拒绝
P0189,0,0,0,
P0190,0,0,0,
P0191,0,0,0,
P0192,0,0,0,
P0193,0,0,0,
P0194,0,0,0,
P0195,0,0,0,
P0196,0,0,0,
P0197,0,0,0,
P0198,1,1,1,"A1:“of Bethany, Conn.” 支持 live_in"
P0199,0,1,0,A1:标签一致，但证据更像任职机构，不是受教育机构
P0200,0,0,0,A2:pred带有_noise0，拒绝
P0201,0,0,0,
P0202,0,0,0,
P0203,0,0,0,
P0204,0,0,0,A2:part of 和 hyponym of 不匹配
P0205,0,0,0,A2:pred带有_noise0，拒绝
P0206,0,0,0,
P0207,0,0,0,
P0208,0,0,0,
P0209,,,,
P0210,0,0,0,
P0211,0,0,0,
P0212,0,0,0,
P0213,0,0,0,
P0214,0,0,0,
P0215,,,,
P0216,0,1,0,A1:标签一致，但证据不支持出生地
P0217,0,0,0,
P0218,0,0,0,
P0219,0,0,0,
P0220,0,0,0,
P0221,,,,
P0222,0,0,0,
P0223,0,0,0,
P0224,0,0,0,
P0225,0,0,0,
P0226,0,0,0,
P0227,,,,
P0228,0,0,0,
P0229,0,0,0,
P0230,0,0,0,
P0231,0,1,0,A1:标签一致，但证据不支持 orgbased_in
P0232,0,0,0,
P0233,,,,
P0234,0,0,0,
P0235,1,0,1,A1:noise 后缀，不影响 adverse effect 判断 | A2:pred带有_noise0，拒绝
P0236,1,0,1,A1:noise 后缀，不影响 adverse effect 判断 | A2:pred带有_noise0，拒绝
P0237,0,0,0,
P0238,0,0,0,
P0239,0,0,0,
P0240,0,0,0,
