pair_id,source,task_type,language,method,metric,score,unit_type,pred_item_text,gold_item_text,pred_type,gold_type,doc_split,evidence_snippet,evidence_doc_count
P0001,IPRE,re,zh,text2onto,fuzzy,1.0,edge,RE[entity]-现夫->[entity],RE[entity]-na->[entity],re,re,train,李烈钧加入同盟会:光绪三十三年（1907年），经张断、王侃介绍加入同盟会。,24
P0002,FewFC,ee,zh,eta,fuzzy,0.0,edge,EE[签署合同]-role->日期,EE[中标]-role->招标方,ee,ee,train,"天奇股份于近日收到日本日产自动车株式会社雷诺日产采购部通知,公司中标该公司巴西与墨西哥总装项目,二项目合同总价合计为1401.2739万美元,折合人民币8800万元。",24
P0003,SKE2020,re,zh,text2onto,graph,0.7236,edge,RE[歌曲]-作曲->[人物],RE[人物]-出生地->[地点],re,re,train,《工业4.0》是2015年机械工业出版社出版的图书，作者是（德）阿尔冯斯·波特霍夫，恩斯特·安德雷亚斯·哈特曼,24
P0004,CASIE,ee,en,text2onto,fuzzy,0.0,edge,EE[patch vulnerability]-role->releaser,EE[phishing]-role->damage amount,ee,ee,train,"Matthew Maglieri faced more than a challenge when he agreed to become the chief information security officer for Ruby Life Inc. , parent of the Toronto - based Ashley Madison and o",24
P0005,COAE2016,re,zh,manual,graph,0.9726,edge,RE[entity]-_毕业院校_->[entity],RE[entity]-高管->[entity],re,re,train,"安塞尔莫·弗兰萨·阿尔梅达,1981年6月10日出生于巴西,职业足球后卫,现效力于奥良足球俱乐部",24
P0006,ccf_law,ee,zh,llm_only,fuzzy,0.0,edge,EE[起诉]-role->被告,EE[同居]-role->妻子,ee,ee,train,赵四与妻子王五通过相亲认识，2011年登记结婚，婚后共生育三个孩子，后双方因感情不和，于2020年协议离婚，协议约定，离婚后，三个孩子在一年内跟随王五生活，赵四每月每个孩子支付2000元抚养费，2021年三个孩子向法院提起诉讼，要求赵四按照协议约定支付抚养费。,24
P0007,NYT11,re,en,scion_lite,fuzzy,1.0,edge,RE[entity]-neighborhood of->[entity],RE[entity]-neighborhood of->[entity],re,re,train,"Sophiline Shapiro , the Cambodian-born artistic director of the Khmer Arts Academy , which has a school in Long Beach , Calif. , and a new dance company in Cambodia , was one of th",24
P0008,IPRE,re,zh,scion_fusion,graph,0.9726,edge,RE[entity]-_妹妹_->[entity],RE[entity]-_叔伯_->[entity],re,re,train,李烈钧加入同盟会:光绪三十三年（1907年），经张断、王侃介绍加入同盟会。,24
P0009,RAMS,ee,en,scion_full,continuous,0.1,edge,EE[meeting involving threats or coercion]-role->place,EE[purchasing with money]-role->money,ee,ee,train,"It was everything we hate about scripted mannequin candidates captured in a brief crack in the political façade . Charles Ommanney / Getty Rubio plummeted in the polls , and Kasich",24
P0010,NYT11,re,en,llm_only,continuous,0.3333,edge,RE[entity]-place lived->[entity],RE[entity]-company founders->[entity],re,re,train,"Sophiline Shapiro , the Cambodian-born artistic director of the Khmer Arts Academy , which has a school in Long Beach , Calif. , and a new dance company in Cambodia , was one of th",24
P0011,SKE2020,re,zh,scion_lite,graph,0.4966,edge,RE[行政区]-面积->[number],RE[人物]-国籍->[国家],re,re,train,《工业4.0》是2015年机械工业出版社出版的图书，作者是（德）阿尔冯斯·波特霍夫，恩斯特·安德雷亚斯·哈特曼,24
P0012,COAE2016,re,zh,llm_only,graph,0.9726,edge,RE[entity]-毕业院校->[entity],RE[entity]-_配偶_->[entity],re,re,train,"安塞尔莫·弗兰萨·阿尔梅达,1981年6月10日出生于巴西,职业足球后卫,现效力于奥良足球俱乐部",24
P0013,DuEE-fin,ee,zh,scion_rl,continuous,0.2,edge,EE[公司上市]-role->证券代码,EE[质押]-role->质押股票/股份数量,ee,ee,train,通达股份：预中标国家电网项目，价值6659万元 通达股份公告，预中标国家电网项目，价值6659万元。 未经正式授权严禁转载本文，侵权必究。 表情,24
P0014,duIE_zh,re,zh,eta,graph,0.4966,edge,RE[学校]-校长->[人物],RE[行政区]-邮政编码->[text],re,re,train,,0
P0015,ccf_law,ee,zh,text2onto,fuzzy,1.0,edge,EE[同居]-role->男人,EE[同居]-role->女人,ee,ee,train,赵四与妻子王五通过相亲认识，2011年登记结婚，婚后共生育三个孩子，后双方因感情不和，于2020年协议离婚，协议约定，离婚后，三个孩子在一年内跟随王五生活，赵四每月每个孩子支付2000元抚养费，2021年三个孩子向法院提起诉讼，要求赵四按照协议约定支付抚养费。,24
P0016,DuEE1.0,ee,zh,scion_rl,continuous,0.1429,edge,EE[组织行为-游行]-role->游行组织,EE[灾害/意外-袭击]-role->死亡人数,ee,ee,train,2017年8月6日下午，陈爱莲在上海会见了美国密歇根州州长里克•斯奈德。,24
P0017,WikiEvents,ee,en,scion_lite,fuzzy,0.0,edge,EE[dismantle]-role->artifact,EE[requestcommand]-role->communicator,ee,ee,train,"But he was later told that the IRA unit involved had tried to use “ a succession of phone boxes ” which were out of order , significantly delaying the bomb - warning call . Video L",24
P0018,kbp37,re,en,scion_lite,graph,0.9427,edge,RE[entity]-members->[entity],RE[entity]-state or province of headquarters->[entity],re,re,train,The  Southern African Clothing and Textile Workers Union  (  SACTWU  ) is the biggest union in the clothing textile and leather industry with more than 100 000 members .,24
P0019,CMeIE,re,zh,scion_full,continuous,0.4,edge,RE[疾病]-同义词->[疾病],RE[疾病]-内窥镜检查->[检查],re,re,train,PKU是因苯丙氨酸羟化酶（phenylalanine hydroxylase，PAH）基因突变导致PAH活性降低或丧失，Phe在肝脏中代谢紊乱所致。,24
P0020,RAMS,ee,en,llm_only,graph,0.54,edge,EE[correspondence for negotiation]-role->participant,"EE[sending, supplying or exporting an artifact]-role->origin",ee,ee,train,"It was everything we hate about scripted mannequin candidates captured in a brief crack in the political façade . Charles Ommanney / Getty Rubio plummeted in the polls , and Kasich",24
P0021,SciERC,re,en,text2onto,continuous,0.6,edge,RE[entity]-part of->[entity],RE[entity]-hyponym of->[entity],re,re,train,Experiments show that the learned tracker performs much better than existing trackers on the tracking of complex non-rigid motions such as fish twisting with self-occlusion and lar,24
P0022,SemEval2010_task8,re,en,scion_lite,graph,0.9528,edge,RE[entity]-cause-effect->[entity],RE[entity]-product-producer->[entity],re,re,train,The current view is that the chronic inflammation in the distal part of the stomach caused by Helicobacter pylori infection results in an increased acid production from the non-inf,24
P0023,instructIE_zh,re,zh,text2onto,graph,0.7236,edge,RE[建筑结构]-长度->[度量],RE[生物]-高度->[度量],re,re,train,尤比利尼体育中心，是俄罗斯圣彼得堡的一座体育馆，也可用来举办演唱会等活动。尤比利尼体育中心可以容纳超过7000人观众，主要举办冰球和篮球比赛。,24
P0024,ccf_law,ee,zh,scion_fusion,fuzzy,0.0,edge,EE[同居]-role->女人,EE[家暴]-role->施暴者,ee,ee,train,赵四与妻子王五通过相亲认识，2011年登记结婚，婚后共生育三个孩子，后双方因感情不和，于2020年协议离婚，协议约定，离婚后，三个孩子在一年内跟随王五生活，赵四每月每个孩子支付2000元抚养费，2021年三个孩子向法院提起诉讼，要求赵四按照协议约定支付抚养费。,24
P0025,DuEE-fin,ee,zh,scion_rl,fuzzy,0.0,edge,EE[公司上市]-role->市值,EE[被约谈]-role->被约谈时间,ee,ee,train,通达股份：预中标国家电网项目，价值6659万元 通达股份公告，预中标国家电网项目，价值6659万元。 未经正式授权严禁转载本文，侵权必究。 表情,24
P0026,DuEE-fin,ee,zh,text2onto,graph,0.6629,edge,EE[股份回购]-role->回购完成时间,EE[质押]-role->质押股票/股份数量,ee,ee,train,通达股份：预中标国家电网项目，价值6659万元 通达股份公告，预中标国家电网项目，价值6659万元。 未经正式授权严禁转载本文，侵权必究。 表情,24
P0027,instructIE_en,re,en,eta,fuzzy,0.0,edge,RE[medicine]-etiology->[text],RE[product]-performer->[organization/human],re,re,train,"The Stuhlmannbrunnen, a fountain in Hamburg, Germany, is located in the Republic Square of the Altona district and was built in 1900. It was designed by Paul Türpe and is a cultura",24
P0028,DuEE-fin,ee,zh,manual,graph,0.664,edge,EE[企业融资]-role->融资金额,EE[被约谈]-role->披露时间,ee,ee,train,通达股份：预中标国家电网项目，价值6659万元 通达股份公告，预中标国家电网项目，价值6659万元。 未经正式授权严禁转载本文，侵权必究。 表情,24
P0029,CrudeOilNews,ee,en,eta,graph,0.7605,edge,EE[cause-movement-up-gain]-role->final_value,EE[cause-movement-down-loss]-role->supplier_consumer,ee,ee,train,The news curbed fears that Greece would go through a messy default and pummel the European economy .,24
P0030,instructIE_zh,re,zh,scion_rl,fuzzy,0.0,edge,RE[组织]-产品->[组织],RE[地理地区]-长度->[度量],re,re,train,尤比利尼体育中心，是俄罗斯圣彼得堡的一座体育馆，也可用来举办演唱会等活动。尤比利尼体育中心可以容纳超过7000人观众，主要举办冰球和篮球比赛。,24
P0031,WikiEvents,ee,en,llm_only,graph,0.5894,edge,EE[requestcommand]-role->recipient,EE[observing through sensory perception]-role->observer,ee,ee,train,"But he was later told that the IRA unit involved had tried to use “ a succession of phone boxes ” which were out of order , significantly delaying the bomb - warning call . Video L",24
P0032,DuEE-fin,ee,zh,scion_lite,graph,0.664,edge,EE[高管变动]-role->披露日期,EE[股份回购]-role->交易金额,ee,ee,train,通达股份：预中标国家电网项目，价值6659万元 通达股份公告，预中标国家电网项目，价值6659万元。 未经正式授权严禁转载本文，侵权必究。 表情,24
P0033,SKE2020,re,zh,scion_fusion,continuous,0.3333,edge,RE[歌曲]-作词->[人物],RE[影视作品]-制片人->[人物],re,re,train,《工业4.0》是2015年机械工业出版社出版的图书，作者是（德）阿尔冯斯·波特霍夫，恩斯特·安德雷亚斯·哈特曼,24
P0034,RAMS,ee,en,eta,fuzzy,0.0,edge,EE[borrowing or lending money]-role->beneficiary,EE[forced retreat]-role->destination,ee,ee,train,"It was everything we hate about scripted mannequin candidates captured in a brief crack in the political façade . Charles Ommanney / Getty Rubio plummeted in the polls , and Kasich",24
P0035,CASIE,ee,en,eta,graph,0.6422,edge,EE[discover vulnerability]-role->time,EE[data breach]-role->attack pattern,ee,ee,train,"Matthew Maglieri faced more than a challenge when he agreed to become the chief information security officer for Ruby Life Inc. , parent of the Toronto - based Ashley Madison and o",24
P0036,GIDS,re,en,text2onto,graph,0.9452,edge,RE[entity]-education degree->[entity],RE[entity]-place of birth->[entity],re,re,train,"for 12 years, Dr. Gregory Samuel S s joined the ranks of colleagues in the Department of Teaching, Leadership, and Technology in the College of Education at Montevallo in fall 2014",24
P0037,SKE2020,re,zh,scion_rl,fuzzy,0.0,edge,RE[歌曲]-作词->[人物],RE[人物]-民族->[text],re,re,train,《工业4.0》是2015年机械工业出版社出版的图书，作者是（德）阿尔冯斯·波特霍夫，恩斯特·安德雷亚斯·哈特曼,24
P0038,instructIE_zh,re,zh,scion_rl,fuzzy,0.0,edge,RE[组织]-别名->[组织],RE[医学]-病因->[文本],re,re,train,尤比利尼体育中心，是俄罗斯圣彼得堡的一座体育馆，也可用来举办演唱会等活动。尤比利尼体育中心可以容纳超过7000人观众，主要举办冰球和篮球比赛。,24
P0039,SciERC,re,en,eta,fuzzy,0.0,edge,RE[entity]-compare->[entity],RE[entity]-part of->[entity],re,re,train,Experiments show that the learned tracker performs much better than existing trackers on the tracking of complex non-rigid motions such as fish twisting with self-occlusion and lar,24
P0040,SciERC,re,en,scion_fusion,continuous,1.0,edge,RE[entity]-feature of->[entity],RE[entity]-feature of->[entity],re,re,train,Experiments show that the learned tracker performs much better than existing trackers on the tracking of complex non-rigid motions such as fish twisting with self-occlusion and lar,24
P0041,WikiEvents,ee,en,scion_full,fuzzy,0.0,edge,EE[disabling or defusing]-role->artifact,EE[legal transportation]-role->destination,ee,ee,train,"But he was later told that the IRA unit involved had tried to use “ a succession of phone boxes ” which were out of order , significantly delaying the bomb - warning call . Video L",24
P0042,FewFC,ee,zh,text2onto,continuous,0.2,edge,EE[签署合同]-role->发起合同签署的组织或单位,EE[中标]-role->招标方,ee,ee,train,"天奇股份于近日收到日本日产自动车株式会社雷诺日产采购部通知,公司中标该公司巴西与墨西哥总装项目,二项目合同总价合计为1401.2739万美元,折合人民币8800万元。",24
P0043,CrudeOilNews,ee,en,manual,fuzzy,0.0,edge,EE[movement-down-loss]-role->initial_value,EE[crisis]-role->place,ee,ee,train,The news curbed fears that Greece would go through a messy default and pummel the European economy .,24
P0044,SciERC,re,en,scion_rl,continuous,0.4,edge,RE[entity]-conjunction->[entity],RE[entity]-used for->[entity],re,re,train,Experiments show that the learned tracker performs much better than existing trackers on the tracking of complex non-rigid motions such as fish twisting with self-occlusion and lar,24
P0045,New-York-Times-RE,re,en,manual,fuzzy,0.0,edge,RE[entity]-religion->[entity],RE[entity]-administrative division of country->[entity],re,re,train,"A 49-year-old illegal immigrant from Michoacan who earns $ 8.16 an hour at a waffle factory in Torrance , Calif. , said that she had been using a Social Security number she borrowe",24
P0046,New-York-Times-RE,re,en,scion_lite,continuous,0.4,edge,RE[entity]-ethnicity->[entity],RE[entity]-location contains->[entity],re,re,train,"A 49-year-old illegal immigrant from Michoacan who earns $ 8.16 an hour at a waffle factory in Torrance , Calif. , said that she had been using a Social Security number she borrowe",24
P0047,duIE_zh,re,zh,scion_rl,fuzzy,0.0,edge,RE[国家]-官方语言->[语言],RE[娱乐人物]-获奖->[date],re,re,train,,0
P0048,DuEE1.0,ee,zh,manual,graph,0.5769,edge,EE[财经/交易-涨停]-role->涨停股票,EE[交往-道歉]-role->道歉者,ee,ee,train,2017年8月6日下午，陈爱莲在上海会见了美国密歇根州州长里克•斯奈德。,24
P0049,instructIE_zh,re,zh,scion_fusion,fuzzy,0.0,edge,RE[entity]-生产时间->[entity],RE[天文对象类型]-属于->[天文对象类型],re,re,train,尤比利尼体育中心，是俄罗斯圣彼得堡的一座体育馆，也可用来举办演唱会等活动。尤比利尼体育中心可以容纳超过7000人观众，主要举办冰球和篮球比赛。,24
P0050,conll04,re,en,llm_only,fuzzy,1.0,edge,RE[org]-orgbased_in->[loc],RE[org]-orgbased_in->[loc],re,re,train,"Marie Magdefrau Ferraro , 50 , of Bethany , Conn. , was shot to death Thursday when two bandits armed with assault rifles emerged from nearby bushes and began firing at a van carry",24
P0051,PHEE,ee,en,text2onto,graph,0.8032,edge,EE[adverse event]-role->subject.race,EE[potential therapeutic event]-role->treatment.disorder,ee,ee,train,OBJECTIVE: To test the hypothesis that tumor necrosis factor (TNF)-alpha may mediate the loss and the dedifferentiation of subcutaneous fat tissue in the insulin-induced lipoatroph,24
P0052,RAMS,ee,en,eta,graph,0.5656,edge,EE[stabbing attack]-role->attacker,"EE[arrest, jailing, or detainment]-role->detainee",ee,ee,train,"It was everything we hate about scripted mannequin candidates captured in a brief crack in the political façade . Charles Ommanney / Getty Rubio plummeted in the polls , and Kasich",24
P0053,COAE2016,re,zh,text2onto,continuous,0.5,edge,RE[entity]-毕业院校->[entity],RE[entity]-配偶->[entity],re,re,train,"安塞尔莫·弗兰萨·阿尔梅达,1981年6月10日出生于巴西,职业足球后卫,现效力于奥良足球俱乐部",24
P0054,GIDS,re,en,scion_lite,fuzzy,0.0,edge,RE[entity]-place of birth->[entity],RE[entity]-education institution->[entity],re,re,train,"for 12 years, Dr. Gregory Samuel S s joined the ranks of colleagues in the Department of Teaching, Leadership, and Technology in the College of Education at Montevallo in fall 2014",24
P0055,ccf_law,ee,zh,scion_full,fuzzy,0.0,edge,EE[同居]-role->时间,EE[结婚]-role->丈夫,ee,ee,train,赵四与妻子王五通过相亲认识，2011年登记结婚，婚后共生育三个孩子，后双方因感情不和，于2020年协议离婚，协议约定，离婚后，三个孩子在一年内跟随王五生活，赵四每月每个孩子支付2000元抚养费，2021年三个孩子向法院提起诉讼，要求赵四按照协议约定支付抚养费。,24
P0056,PHEE,ee,en,eta,graph,0.9913,edge,EE[adverse event]-role->treatment.duration,EE[adverse event]-role->treatment,ee,ee,train,OBJECTIVE: To test the hypothesis that tumor necrosis factor (TNF)-alpha may mediate the loss and the dedifferentiation of subcutaneous fat tissue in the insulin-induced lipoatroph,24
P0057,NYT11,re,en,text2onto,fuzzy,0.0,edge,RE[entity]-nationality->[entity],RE[entity]-country capital->[entity],re,re,train,"Sophiline Shapiro , the Cambodian-born artistic director of the Khmer Arts Academy , which has a school in Long Beach , Calif. , and a new dance company in Cambodia , was one of th",24
P0058,DuEE-fin,ee,zh,scion_rl,graph,0.664,edge,EE[股东减持]-role->减持部分占总股本比例,EE[质押]-role->质押物占总股比,ee,ee,train,通达股份：预中标国家电网项目，价值6659万元 通达股份公告，预中标国家电网项目，价值6659万元。 未经正式授权严禁转载本文，侵权必究。 表情,24
P0059,SKE2020,re,zh,text2onto,fuzzy,0.0,edge,RE[地点]-海拔->[number],RE[人物]-毕业院校->[学校],re,re,train,《工业4.0》是2015年机械工业出版社出版的图书，作者是（德）阿尔冯斯·波特霍夫，恩斯特·安德雷亚斯·哈特曼,24
P0060,RAMS,ee,en,llm_only,continuous,0.1,edge,EE[forced retreat]-role->destination,EE[preventing exit of a person]-role->transporter,ee,ee,train,"It was everything we hate about scripted mannequin candidates captured in a brief crack in the political façade . Charles Ommanney / Getty Rubio plummeted in the polls , and Kasich",24
P0061,DuEE1.0,ee,zh,scion_fusion,fuzzy,0.0,edge,EE[财经/交易-出售/收购]-role->收购方,EE[组织关系-解雇]-role->被解雇人员,ee,ee,train,2017年8月6日下午，陈爱莲在上海会见了美国密歇根州州长里克•斯奈德。,24
P0062,ccf_law,ee,zh,scion_rl,continuous,0.2,edge,EE[其他]-role->起因,EE[养育]-role->孩子,ee,ee,train,赵四与妻子王五通过相亲认识，2011年登记结婚，婚后共生育三个孩子，后双方因感情不和，于2020年协议离婚，协议约定，离婚后，三个孩子在一年内跟随王五生活，赵四每月每个孩子支付2000元抚养费，2021年三个孩子向法院提起诉讼，要求赵四按照协议约定支付抚养费。,24
P0063,IPRE,re,zh,scion_full,continuous,0.5,edge,RE[entity]-_公公_->[entity],RE[entity]-_na_->[entity],re,re,train,李烈钧加入同盟会:光绪三十三年（1907年），经张断、王侃介绍加入同盟会。,24
P0064,GIDS,re,en,llm_only,graph,0.9452,edge,RE[entity]-place of death->[entity],RE[entity]-education institution->[entity],re,re,train,"for 12 years, Dr. Gregory Samuel S s joined the ranks of colleagues in the Department of Teaching, Leadership, and Technology in the College of Education at Montevallo in fall 2014",24
P0065,instructIE_zh,re,zh,scion_rl,graph,0.4769,edge,RE[建筑结构/地理地区]-位于->[地理地区],RE[医学]-传播方式->[文本],re,re,train,尤比利尼体育中心，是俄罗斯圣彼得堡的一座体育馆，也可用来举办演唱会等活动。尤比利尼体育中心可以容纳超过7000人观众，主要举办冰球和篮球比赛。,24
P0066,kbp37,re,en,manual,fuzzy,1.0,edge,RE[entity]-country of birth->[entity],RE[entity]-country of birth->[entity],re,re,train,The  Southern African Clothing and Textile Workers Union  (  SACTWU  ) is the biggest union in the clothing textile and leather industry with more than 100 000 members .,24
P0067,WikiEvents,ee,en,scion_full,fuzzy,0.0,edge,EE[broadcast]-role->communicator,"EE[exchanging, buying, or selling]-role->acquiredentity",ee,ee,train,"But he was later told that the IRA unit involved had tried to use “ a succession of phone boxes ” which were out of order , significantly delaying the bomb - warning call . Video L",24
P0068,NYT11,re,en,manual,continuous,0.3333,edge,RE[entity]-company->[entity],RE[entity]-place of birth->[entity],re,re,train,"Sophiline Shapiro , the Cambodian-born artistic director of the Khmer Arts Academy , which has a school in Long Beach , Calif. , and a new dance company in Cambodia , was one of th",24
P0069,SciERC,re,en,llm_only,fuzzy,0.0,edge,RE[entity]-conjunction->[entity],RE[entity]-used for->[entity],re,re,train,Experiments show that the learned tracker performs much better than existing trackers on the tracking of complex non-rigid motions such as fish twisting with self-occlusion and lar,24
P0070,DuEE-fin,ee,zh,scion_full,fuzzy,0.0,edge,EE[企业破产]-role->破产时间,EE[股东减持]-role->减持部分占所持比例,ee,ee,train,通达股份：预中标国家电网项目，价值6659万元 通达股份公告，预中标国家电网项目，价值6659万元。 未经正式授权严禁转载本文，侵权必究。 表情,24
P0071,duIE_zh,re,zh,text2onto,continuous,0.1667,edge,RE[人物]-父亲->[人物],RE[行政区]-面积->[number],re,re,train,,0
P0072,conll04,re,en,eta,fuzzy,0.0,edge,RE[peop]-work_for->[org],RE[peop]-kill->[peop],re,re,train,"Marie Magdefrau Ferraro , 50 , of Bethany , Conn. , was shot to death Thursday when two bandits armed with assault rifles emerged from nearby bushes and began firing at a van carry",24
P0073,ADE_corpus,re,en,eta,fuzzy,1.0,edge,RE[entity]-adverse effect->[entity],RE[entity]-adverse effect->[entity],re,re,train,Eruptive epidermoid cysts resulting from treatment with imiquimod .,24
P0074,New-York-Times-RE,re,en,scion_fusion,continuous,0.1429,edge,RE[person]-place lived->[person],RE[entity]-company advisors->[entity],re,re,train,"A 49-year-old illegal immigrant from Michoacan who earns $ 8.16 an hour at a waffle factory in Torrance , Calif. , said that she had been using a Social Security number she borrowe",24
P0075,ccf_law,ee,zh,scion_fusion,graph,0.664,edge,EE[起诉]-role->时间,EE[家暴]-role->地点,ee,ee,train,赵四与妻子王五通过相亲认识，2011年登记结婚，婚后共生育三个孩子，后双方因感情不和，于2020年协议离婚，协议约定，离婚后，三个孩子在一年内跟随王五生活，赵四每月每个孩子支付2000元抚养费，2021年三个孩子向法院提起诉讼，要求赵四按照协议约定支付抚养费。,24
P0076,SKE2020,re,zh,scion_fusion,fuzzy,0.0,edge,RE[人物]-国籍->[国家],RE[企业]-董事长->[人物],re,re,train,《工业4.0》是2015年机械工业出版社出版的图书，作者是（德）阿尔冯斯·波特霍夫，恩斯特·安德雷亚斯·哈特曼,24
P0077,DuEE-fin,ee,zh,scion_lite,fuzzy,0.0,edge,EE[企业收购]-role->披露时间,EE[质押]-role->质押方,ee,ee,train,通达股份：预中标国家电网项目，价值6659万元 通达股份公告，预中标国家电网项目，价值6659万元。 未经正式授权严禁转载本文，侵权必究。 表情,24
P0078,SciERC,re,en,scion_fusion,graph,1.0,edge,RE[entity]-feature of->[entity],RE[entity]-feature of->[entity],re,re,train,Experiments show that the learned tracker performs much better than existing trackers on the tracking of complex non-rigid motions such as fish twisting with self-occlusion and lar,24
P0079,COAE2016,re,zh,text2onto,continuous,0.5,edge,RE[entity]-总部地点->[entity],RE[entity]-_毕业院校_->[entity],re,re,train,"安塞尔莫·弗兰萨·阿尔梅达,1981年6月10日出生于巴西,职业足球后卫,现效力于奥良足球俱乐部",24
P0080,ccf_law,ee,zh,manual,graph,0.664,edge,EE[同居]-role->妻子,EE[其他]-role->主体,ee,ee,train,赵四与妻子王五通过相亲认识，2011年登记结婚，婚后共生育三个孩子，后双方因感情不和，于2020年协议离婚，协议约定，离婚后，三个孩子在一年内跟随王五生活，赵四每月每个孩子支付2000元抚养费，2021年三个孩子向法院提起诉讼，要求赵四按照协议约定支付抚养费。,24
P0081,instructIE_en,re,en,eta,continuous,0.2857,edge,RE[organism]-length->[measure],RE[architectural structure]-width->[measure],re,re,train,"The Stuhlmannbrunnen, a fountain in Hamburg, Germany, is located in the Republic Square of the Altona district and was built in 1900. It was designed by Paul Türpe and is a cultura",24
P0082,SKE2020,re,zh,scion_fusion,graph,0.4966,edge,RE[国家]-官方语言->[语言],RE[电视综艺]-嘉宾->[人物],re,re,train,《工业4.0》是2015年机械工业出版社出版的图书，作者是（德）阿尔冯斯·波特霍夫，恩斯特·安德雷亚斯·哈特曼,24
P0083,RAMS,ee,en,scion_lite,graph,0.5769,edge,EE[firearm assault]-role->instrument,EE[self directed combat]-role->place,ee,ee,train,"It was everything we hate about scripted mannequin candidates captured in a brief crack in the political façade . Charles Ommanney / Getty Rubio plummeted in the polls , and Kasich",24
P0084,SciERC,re,en,scion_fusion,continuous,0.6,edge,RE[entity]-used for->[entity],RE[entity]-evaluate for->[entity],re,re,train,Experiments show that the learned tracker performs much better than existing trackers on the tracking of complex non-rigid motions such as fish twisting with self-occlusion and lar,24
P0085,SKE2020,re,zh,llm_only,graph,0.4966,edge,RE[电视综艺]-主持人->[人物],RE[历史人物]-朝代->[text],re,re,train,《工业4.0》是2015年机械工业出版社出版的图书，作者是（德）阿尔冯斯·波特霍夫，恩斯特·安德雷亚斯·哈特曼,24
P0086,New-York-Times-RE,re,en,manual,continuous,0.2857,edge,RE[entity]-geographic distribution->[entity],RE[entity]-company major shareholders->[entity],re,re,train,"A 49-year-old illegal immigrant from Michoacan who earns $ 8.16 an hour at a waffle factory in Torrance , Calif. , said that she had been using a Social Security number she borrowe",24
P0087,SciERC,re,en,scion_fusion,continuous,0.6,edge,RE[entity]-part of->[entity],RE[entity]-feature of->[entity],re,re,train,Experiments show that the learned tracker performs much better than existing trackers on the tracking of complex non-rigid motions such as fish twisting with self-occlusion and lar,24
P0088,SKE2020,re,zh,eta,graph,0.4966,edge,RE[歌曲]-作曲->[人物],RE[行政区]-邮政编码->[text],re,re,train,《工业4.0》是2015年机械工业出版社出版的图书，作者是（德）阿尔冯斯·波特霍夫，恩斯特·安德雷亚斯·哈特曼,24
P0089,DuEE-fin,ee,zh,text2onto,continuous,0.5,edge,EE[高管变动]-role->变动后公司名称,EE[高管变动]-role->任职公司,ee,ee,train,通达股份：预中标国家电网项目，价值6659万元 通达股份公告，预中标国家电网项目，价值6659万元。 未经正式授权严禁转载本文，侵权必究。 表情,24
P0090,IPRE,re,zh,scion_fusion,fuzzy,1.0,edge,RE[entity]-孙子->[entity],RE[entity]-_现妻_->[entity],re,re,train,李烈钧加入同盟会:光绪三十三年（1907年），经张断、王侃介绍加入同盟会。,24
P0091,SKE2020,re,zh,scion_lite,fuzzy,0.0,edge,RE[企业]-成立日期->[date],RE[人物]-父亲->[人物],re,re,train,《工业4.0》是2015年机械工业出版社出版的图书，作者是（德）阿尔冯斯·波特霍夫，恩斯特·安德雷亚斯·哈特曼,24
P0092,PHEE,ee,en,scion_rl,continuous,0.3333,edge,EE[potential therapeutic event]-role->treatment.time_elapsed,EE[adverse event]-role->treatment.duration,ee,ee,train,OBJECTIVE: To test the hypothesis that tumor necrosis factor (TNF)-alpha may mediate the loss and the dedifferentiation of subcutaneous fat tissue in the insulin-induced lipoatroph,24
P0093,duIE_zh,re,zh,scion_full,continuous,0.1429,edge,RE[娱乐人物]-饰演->[人物],RE[国家]-首都->[城市],re,re,train,,0
P0094,WikiEvents,ee,en,manual,fuzzy,0.0,edge,EE[requestcommand]-role->communicator,EE[injure]-role->instrument,ee,ee,train,"But he was later told that the IRA unit involved had tried to use “ a succession of phone boxes ” which were out of order , significantly delaying the bomb - warning call . Video L",24
P0095,FewFC,ee,zh,llm_only,graph,0.664,edge,EE[收购]-role->被收购公司,EE[担保]-role->担保金额,ee,ee,train,"天奇股份于近日收到日本日产自动车株式会社雷诺日产采购部通知,公司中标该公司巴西与墨西哥总装项目,二项目合同总价合计为1401.2739万美元,折合人民币8800万元。",24
P0096,CrudeOilNews,ee,en,eta,fuzzy,0.0,edge,EE[negative_sentiment]-role->type,EE[cause-movement-up-gain]-role->supplier_consumer,ee,ee,train,The news curbed fears that Greece would go through a messy default and pummel the European economy .,24
P0097,SemEval2010_task8,re,en,scion_fusion,continuous,0.3333,edge,RE[entity]-product-producer->[entity],RE[entity]-message-topic->[entity],re,re,train,The current view is that the chronic inflammation in the distal part of the stomach caused by Helicobacter pylori infection results in an increased acid production from the non-inf,24
P0098,SciERC,re,en,scion_rl,fuzzy,0.0,edge,RE[entity]-part of->[entity],RE[entity]-used for->[entity],re,re,train,Experiments show that the learned tracker performs much better than existing trackers on the tracking of complex non-rigid motions such as fish twisting with self-occlusion and lar,24
P0099,conll04,re,en,scion_rl,continuous,1.0,edge,RE[peop]-kill->[peop],RE[peop]-kill->[peop],re,re,train,"Marie Magdefrau Ferraro , 50 , of Bethany , Conn. , was shot to death Thursday when two bandits armed with assault rifles emerged from nearby bushes and began firing at a van carry",24
P0100,instructIE_en,re,en,scion_rl,graph,0.8037,edge,RE[geographic region]-alternative name->[geographic region],RE[geographic region]-population->[measure],re,re,train,"The Stuhlmannbrunnen, a fountain in Hamburg, Germany, is located in the Republic Square of the Altona district and was built in 1900. It was designed by Paul Türpe and is a cultura",24
P0101,ccf_law,ee,zh,scion_fusion,continuous,0.2,edge,EE[起诉]-role->诉求,EE[养育]-role->孩子,ee,ee,train,赵四与妻子王五通过相亲认识，2011年登记结婚，婚后共生育三个孩子，后双方因感情不和，于2020年协议离婚，协议约定，离婚后，三个孩子在一年内跟随王五生活，赵四每月每个孩子支付2000元抚养费，2021年三个孩子向法院提起诉讼，要求赵四按照协议约定支付抚养费。,24
P0102,WikiEvents,ee,en,llm_only,fuzzy,0.0,edge,EE[manufacturing or assembling]-role->artifact,EE[damage]-role->artifact,ee,ee,train,"But he was later told that the IRA unit involved had tried to use “ a succession of phone boxes ” which were out of order , significantly delaying the bomb - warning call . Video L",24
P0103,duIE_zh,re,zh,eta,fuzzy,0.0,edge,RE[影视作品]-上映时间->[date],RE[学校]-校长->[人物],re,re,train,,0
P0104,GIDS,re,en,scion_rl,continuous,0.6,edge,RE[entity]-education degree->[entity],RE[entity]-education institution->[entity],re,re,train,"for 12 years, Dr. Gregory Samuel S s joined the ranks of colleagues in the Department of Teaching, Leadership, and Technology in the College of Education at Montevallo in fall 2014",24
P0105,SciERC,re,en,scion_full,graph,0.9625,edge,RE[entity]-part of->[entity],RE[entity]-compare->[entity],re,re,train,Experiments show that the learned tracker performs much better than existing trackers on the tracking of complex non-rigid motions such as fish twisting with self-occlusion and lar,24
P0106,CMeIE,re,zh,scion_full,continuous,0.2,edge,RE[其他]-同义词->[其他],RE[疾病]-并发症->[疾病],re,re,train,PKU是因苯丙氨酸羟化酶（phenylalanine hydroxylase，PAH）基因突变导致PAH活性降低或丧失，Phe在肝脏中代谢紊乱所致。,24
P0107,ADE_corpus,re,en,scion_full,continuous,1.0,edge,RE[entity]-adverse effect->[entity],RE[entity]-adverse effect->[entity],re,re,train,Eruptive epidermoid cysts resulting from treatment with imiquimod .,24
P0108,FewFC,ee,zh,scion_lite,continuous,0.2,edge,EE[收购]-role->收购方,EE[中标]-role->中标方,ee,ee,train,"天奇股份于近日收到日本日产自动车株式会社雷诺日产采购部通知,公司中标该公司巴西与墨西哥总装项目,二项目合同总价合计为1401.2739万美元,折合人民币8800万元。",24
P0109,New-York-Times-RE,re,en,scion_fusion,graph,0.9389,edge,RE[entity]-sports team of location->[entity],RE[entity]-geographic distribution->[entity],re,re,train,"A 49-year-old illegal immigrant from Michoacan who earns $ 8.16 an hour at a waffle factory in Torrance , Calif. , said that she had been using a Social Security number she borrowe",24
P0110,instructIE_zh,re,zh,llm_only,continuous,0.3333,edge,RE[产品]-作词者->[人物/组织],RE[建筑结构]-创建者->[人物/组织],re,re,train,尤比利尼体育中心，是俄罗斯圣彼得堡的一座体育馆，也可用来举办演唱会等活动。尤比利尼体育中心可以容纳超过7000人观众，主要举办冰球和篮球比赛。,24
P0111,PHEE,ee,en,scion_full,fuzzy,1.0,edge,EE[potential therapeutic event]-role->treatment.route,EE[potential therapeutic event]-role->treatment.freq,ee,ee,train,OBJECTIVE: To test the hypothesis that tumor necrosis factor (TNF)-alpha may mediate the loss and the dedifferentiation of subcutaneous fat tissue in the insulin-induced lipoatroph,24
P0112,DuEE-fin,ee,zh,manual,continuous,0.2,edge,EE[解除质押]-role->质押物所属公司,EE[股东减持]-role->减持部分占总股本比例,ee,ee,train,通达股份：预中标国家电网项目，价值6659万元 通达股份公告，预中标国家电网项目，价值6659万元。 未经正式授权严禁转载本文，侵权必究。 表情,24
P0113,DuEE1.0,ee,zh,scion_rl,continuous,0.1429,edge,EE[司法行为-罚款]-role->罚款对象,EE[财经/交易-加息]-role->加息机构,ee,ee,train,2017年8月6日下午，陈爱莲在上海会见了美国密歇根州州长里克•斯奈德。,24
P0114,New-York-Times-RE,re,en,scion_lite,continuous,0.2857,edge,RE[entity]-country of capital->[entity],RE[entity]-company advisors->[entity],re,re,train,"A 49-year-old illegal immigrant from Michoacan who earns $ 8.16 an hour at a waffle factory in Torrance , Calif. , said that she had been using a Social Security number she borrowe",24
P0115,conll04,re,en,manual,graph,0.492,edge,RE[peop]-work_for->[org],RE[loc]-located_in->[loc],re,re,train,"Marie Magdefrau Ferraro , 50 , of Bethany , Conn. , was shot to death Thursday when two bandits armed with assault rifles emerged from nearby bushes and began firing at a van carry",24
P0116,COAE2016,re,zh,llm_only,fuzzy,1.0,edge,RE[entity]-_员工数_->[entity],RE[entity]-毕业院校->[entity],re,re,train,"安塞尔莫·弗兰萨·阿尔梅达,1981年6月10日出生于巴西,职业足球后卫,现效力于奥良足球俱乐部",24
P0117,SKE2020,re,zh,text2onto,graph,0.7236,edge,RE[企业]-董事长->[人物],RE[影视作品]-导演->[人物],re,re,train,《工业4.0》是2015年机械工业出版社出版的图书，作者是（德）阿尔冯斯·波特霍夫，恩斯特·安德雷亚斯·哈特曼,24
P0118,duIE_zh,re,zh,scion_lite,continuous,0.1429,edge,RE[国家]-首都->[城市],RE[影视作品]-票房->[地点],re,re,train,,0
P0119,COAE2016,re,zh,text2onto,fuzzy,1.0,edge,RE[entity]-_总部地点_->[entity],RE[entity]-_员工数_->[entity],re,re,train,"安塞尔莫·弗兰萨·阿尔梅达,1981年6月10日出生于巴西,职业足球后卫,现效力于奥良足球俱乐部",24
P0120,CMeIE,re,zh,manual,continuous,0.1667,edge,RE[症状]-同义词->[症状],RE[疾病]-阶段->[其他],re,re,train,PKU是因苯丙氨酸羟化酶（phenylalanine hydroxylase，PAH）基因突变导致PAH活性降低或丧失，Phe在肝脏中代谢紊乱所致。,24
