pair_id,annotator_label,adjudicated,notes
V2P0001,1,,
V2P0002,1,,
V2P0003,1,,
V2P0004,1,,
V2P0005,1,,
V2P0006,1,,
V2P0007,1,,
V2P0008,1,,
V2P0009,1,,
V2P0010,1,,
V2P0011,1,,
V2P0012,1,,
V2P0013,0,,
V2P0014,0,,
V2P0015,0,,
V2P0016,0,,
V2P0017,0,,
V2P0018,0,,
V2P0019,0,,
V2P0020,0,,
V2P0021,0,,
V2P0022,0,,
V2P0023,0,,
V2P0024,0,,
V2P0025,1,,拼写变体可接受(topc -> topic)
V2P0026,1,,
V2P0027,0,,
V2P0028,1,,
V2P0029,1,,
V2P0030,0,,
V2P0031,1,,
V2P0032,1,,
V2P0033,1,,
V2P0034,0,,
V2P0035,1,,
V2P0036,0,,
V2P0037,1,,
V2P0038,0,,
V2P0039,0,,
V2P0040,1,,
V2P0041,0,,
V2P0042,0,,
V2P0043,1,,
V2P0044,1,,
V2P0045,0,,
V2P0046,0,,
V2P0047,1,,
V2P0048,1,,
V2P0049,0,,
V2P0050,1,,
V2P0051,0,,
V2P0052,0,,
V2P0053,1,,
V2P0054,1,,
V2P0055,0,,
V2P0056,1,,
V2P0057,1,,
V2P0058,0,,
V2P0059,0,,
V2P0060,1,,
V2P0061,0,,
V2P0062,1,,
V2P0063,0,,
V2P0064,0,,
V2P0065,1,,
V2P0066,0,,
V2P0067,0,,
V2P0068,0,,
V2P0069,1,,
V2P0070,1,,
V2P0071,0,,
V2P0072,0,,
V2P0073,0,,
V2P0074,0,,
V2P0075,1,,
V2P0076,0,,
V2P0077,0,,
V2P0078,0,,
V2P0079,0,,
V2P0080,1,,
V2P0081,0,,
V2P0082,1,,
V2P0083,0,,
V2P0084,0,,
V2P0085,0,,
V2P0086,1,,
V2P0087,0,,
V2P0088,0,,
V2P0089,1,,
V2P0090,0,,
V2P0091,0,,
V2P0092,1,,
V2P0093,1,,
V2P0094,0,,
V2P0095,0,,
V2P0096,0,,
V2P0097,0,,
V2P0098,0,,
V2P0099,0,,
V2P0100,0,,
V2P0101,0,,
V2P0102,0,,
V2P0103,0,,
V2P0104,0,,
V2P0105,0,,
V2P0106,0,,
V2P0107,0,,事件类型不一致(上映 vs 加盟)
V2P0108,0,,
V2P0109,0,,
V2P0110,0,,
V2P0111,0,,
V2P0112,0,,
V2P0113,0,,
V2P0114,0,,事件类型不一致(起诉 vs 出轨)
V2P0115,0,,
V2P0116,0,,
V2P0117,0,,
V2P0118,0,,
V2P0119,0,,
V2P0120,0,,
V2P0121,0,,
V2P0122,0,,
V2P0123,0,,
V2P0124,0,,
V2P0125,0,,
V2P0126,0,,事件类型不一致(ransom vs data breach)
V2P0127,0,,
V2P0128,0,,
V2P0129,0,,
V2P0130,0,,
V2P0131,0,,
V2P0132,0,,
V2P0133,0,,
V2P0134,0,,
V2P0135,0,,
V2P0136,0,,
V2P0137,0,,
V2P0138,0,,
V2P0139,0,,
V2P0140,0,,
V2P0141,0,,
V2P0142,0,,
V2P0143,0,,
V2P0144,0,,
V2P0145,0,,
V2P0146,0,,
V2P0147,0,,
V2P0148,0,,
V2P0149,0,,
V2P0150,0,,
V2P0151,0,,
V2P0152,0,,
V2P0153,0,,
V2P0154,0,,
V2P0155,0,,
V2P0156,0,,
V2P0157,0,,
V2P0158,0,,
V2P0159,0,,
V2P0160,0,,
V2P0161,0,,
V2P0162,0,,
V2P0163,0,,
V2P0164,0,,
V2P0165,0,,
V2P0166,0,,
V2P0167,0,,
V2P0168,0,,
V2P0169,0,,
V2P0170,0,,
V2P0171,0,,
V2P0172,0,,
V2P0173,0,,
V2P0174,0,,
V2P0175,0,,
V2P0176,0,,
V2P0177,0,,
V2P0178,0,,
V2P0179,0,,
V2P0180,0,,
V2P0181,0,,
V2P0182,0,,
V2P0183,0,,
V2P0184,0,,
V2P0185,0,,
V2P0186,0,,
V2P0187,0,,
V2P0188,0,,
V2P0189,0,,
V2P0190,0,,
V2P0191,0,,
V2P0192,0,,
V2P0193,0,,
V2P0194,0,,
V2P0195,0,,
V2P0196,0,,
V2P0197,0,,
V2P0198,0,,
V2P0199,0,,
V2P0200,0,,
V2P0201,0,,
V2P0202,0,,
V2P0203,0,,
V2P0204,0,,
V2P0205,0,,
V2P0206,0,,
V2P0207,0,,
V2P0208,0,,
V2P0209,0,,
V2P0210,0,,
V2P0211,0,,
V2P0212,0,,
V2P0213,0,,
V2P0214,0,,
V2P0215,0,,
V2P0216,0,,
V2P0217,0,,
V2P0218,0,,
V2P0219,0,,
V2P0220,0,,
V2P0221,0,,
V2P0222,0,,
V2P0223,0,,
V2P0224,0,,
V2P0225,0,,
V2P0226,0,,
V2P0227,0,,
V2P0228,0,,
V2P0229,0,,
V2P0230,0,,
V2P0231,0,,
V2P0232,0,,
V2P0233,0,,
V2P0234,0,,
V2P0235,0,,
V2P0236,0,,
V2P0237,0,,
V2P0238,0,,
V2P0239,0,,
V2P0240,0,,
