node_id,label,name
Organisation:海辰市政府,Organisation,海辰市政府
Organisation:星河智能研究院,Organisation,星河智能研究院
SystemComponent:星河-1,SystemComponent,星河-1
Person:林岚,Person,林岚
Person:周启明,Person,周启明
Place:海辰市中心商务区,Place,海辰市中心商务区
Place:临港新区,Place,临港新区
Place:量子城云计算中心,Place,量子城云计算中心
Document:星河-1 城市交通智能调度白皮书,Document,星河-1 城市交通智能调度白皮书
Event:城市计算论坛,Event,城市计算论坛
Place:量子城大学,Place,量子城大学
Action:早高峰平均通行时间下降了 17%,Action,早高峰平均通行时间下降了 17%
Person:张婷,Person,张婷
SystemComponent:微声,SystemComponent,微声
Person:陈博文,Person,陈博文
SystemComponent:司机之家,SystemComponent,司机之家
Event:临港新区隧道口多车追尾,Event,临港新区隧道口多车追尾
Organisation:快行出行,Organisation,快行出行
Document:关于星河-1 控制策略异常的技术备忘录,Document,关于星河-1 控制策略异常的技术备忘录
Organisation:星河-1 安全专项工作组,Organisation,星河-1 安全专项工作组
Person:顾远,Person,顾远
Document:星河-1 部署阶段风险评估报告,Document,星河-1 部署阶段风险评估报告
SystemComponent:强化学习奖励函数,SystemComponent,强化学习奖励函数
Organisation:开源交通联盟,Organisation,开源交通联盟
Document:星河-1 系统架构非官方技术解析,Document,星河-1 系统架构非官方技术解析
Event:星河-1 公众和媒体会议,Event,星河-1 公众和媒体会议
Place:市政府会议中心,Place,市政府会议中心
Event:系统风险说明会,Event,系统风险说明会
Document:星河-1 Beta 部署阶段缺陷清单（非最终版）,Document,星河-1 Beta 部署阶段缺陷清单（非最终版）
Event:关于算法透明性与责任归属的讨论,Event,关于算法透明性与责任归属的讨论
Organisation:量子城大学,Organisation,量子城大学
Person:量子行者,Person,量子行者
Document:白皮书,Document,白皮书
Event:重建事件链条和责任边界,Event,重建事件链条和责任边界
Document:技术备忘录,Document,技术备忘录
Document:风险评估报告,Document,风险评估报告
Document:民间技术解析文档,Document,民间技术解析文档
