dataset,polysemous_rel_ratio,avg_pairs_per_rel,max_pairs_per_rel,support_p50,support_p90,support_p99,support_max,rare_edge_ratio
instructIE_en,0.10975609756097561,1.2560975609756098,10,32.0,105.0,190.0,197,0.10679611650485436
instructIE_zh,0.10588235294117647,1.2470588235294118,9,29.0,111.0,190.0,197,0.08490566037735849
duIE_zh,0.10416666666666667,1.1458333333333333,4,2983.0,12970.0,19719.0,27689,0.0
CMeIE,0.022727272727272728,1.2045454545454546,10,178.0,1235.0,3018.0,4762,0.03773584905660377
COAE2016,0.0,1,1,100.0,193.0,193.0,200,0.0
IPRE,0.0,1,1,15.0,253.0,683.0,698,0.2857142857142857
SKE2020,0.020833333333333332,1.0208333333333333,2,65.0,386.0,461.0,683,0.08163265306122448
ADE_corpus,0.0,1,1,4271.0,4271.0,4271.0,4271,0.0
GIDS,0.0,1,1,3356.0,3469.0,3469.0,4454,0.0
NYT11,0.0,1,1,4567.0,6594.0,6841.0,26950,0.0
New-York-Times-RE,0.8333333333333334,4.541666666666667,12,15.0,1413.0,7011.0,37425,0.3669724770642202
SciERC,0.0,1,1,230.0,425.0,425.0,1437,0.0
conll04,0.0,1,1,316.0,330.0,330.0,399,0.0
kbp37,0.0,1,1,901.0,2050.0,2149.0,4279,0.0
SemEval2010_task8,0.0,1,1,947.0,1325.0,1325.0,1862,0.0
