dataset,task,language,type_count_1,type_count_2,schema_edges,typed_flag,composite_ratio,RelLabels,TypedEdges,CoreTypedEdges,symmetric_rel_count
instructIE_en,re,en,90,18,116,True,0.2222222222222222,90,116,116,0
instructIE_zh,re,zh,89,18,115,False,0.2222222222222222,89,115,115,0
duIE_zh,re,zh,48,26,55,True,0.038461538461538464,48,55,55,0
CMeIE,re,zh,44,11,53,True,0.0,44,53,53,0
COAE2016,re,zh,18,1,18,False,0.0,18,18,18,0
IPRE,re,zh,70,1,70,False,0.0,70,70,70,0
SKE2020,re,zh,48,28,49,True,0.0,48,49,49,0
ADE_corpus,re,en,1,1,1,False,0.0,1,1,1,0
GIDS,re,en,4,1,4,True,0.0,4,4,4,0
NYT11,re,en,12,1,12,False,0.0,12,12,12,0
New-York-Times-RE,re,en,24,1,24,False,0.0,24,24,24,0
SciERC,re,en,7,1,7,False,0.0,7,7,7,0
conll04,re,en,5,3,5,True,0.0,5,5,5,0
kbp37,re,en,18,1,18,False,0.0,18,18,18,0
SemEval2010_task8,re,en,11,1,11,False,0.0,11,11,11,0
CASIE,ee,en,5,26,48,True,,,,,
CrudeOilNews,ee,en,18,20,104,True,,,,,
PHEE,ee,en,2,16,32,True,,,,,
RAMS,ee,en,106,62,398,True,,,,,
WikiEvents,ee,en,31,43,81,True,,,,,
ccf_law,ee,zh,9,21,39,True,,,,,
DuEE1.0,ee,zh,65,121,217,True,,,,,
DuEE-fin,ee,zh,13,60,91,True,,,,,
FewFC,ee,zh,5,29,29,True,,,,,
