dataset,schema_edges,reachable_edges,reachable_ratio
instructIE_en,116,103,0.8879310344827587
instructIE_zh,115,98,0.8521739130434782
duIE_zh,55,55,1.0
CMeIE,53,53,1.0
COAE2016,18,9,0.5
IPRE,70,31,0.44285714285714284
SKE2020,49,49,1.0
ADE_corpus,1,1,1.0
GIDS,4,0,0.0
NYT11,12,12,1.0
New-York-Times-RE,24,1,0.041666666666666664
SciERC,7,7,1.0
conll04,5,5,1.0
kbp37,18,18,1.0
SemEval2010_task8,11,10,0.9090909090909091
CASIE,48,48,1.0
CrudeOilNews,104,91,0.875
PHEE,32,32,1.0
RAMS,398,309,0.7763819095477387
WikiEvents,81,33,0.4074074074074074
ccf_law,39,39,1.0
DuEE1.0,217,217,1.0
DuEE-fin,91,91,1.0
FewFC,29,29,1.0
