dataset,task,doc_count,avg_len,median_len,p90_len,p99_len,avg_tokens,avg_triples_per_doc,avg_events_per_doc,avg_args_per_event,dup_ratio
instructIE_en,re,1904,323.40283613445376,296.0,533.0,798.0,52.90283613445378,2.451155462184874,,,2.451155462184874
instructIE_zh,re,1923,88.16744669786792,81,145.0,188.0,1.203328133125325,2.575143005720229,,,2.575143005720229
duIE_zh,re,191957,68.98025078533213,57,130.0,195.0,1.9085159697223857,1.4921362596831582,,,1.4921362596831582
CMeIE,re,17924,85.31025440749832,74.0,154.0,258.0,4.8047868779290335,1.527895559027003,,,1.527895559027003
COAE2016,re,971,52.6745623069001,51,79.0,97.0,1.5108135942327496,1,,,1.0
IPRE,re,3340,37.626047904191616,38.0,55.0,60.0,1,1,,,1.0
SKE2020,re,3601,56.39600111080256,46,100.0,176.0,1.423215773396279,1.703971119133574,,,1.703971119133574
ADE_corpus,re,4271,135.48981503160852,126,215.0,319.0,21.237415125263404,1,,,1.0
GIDS,re,14248,367.5421813587872,353.0,604.0,922.0,61.30172655811342,1,,,1.0
NYT11,re,61269,204.58290489480814,198,304.0,428.0,37.63536209175929,1.1593301669686138,,,1.1593301669686138
New-York-Times-RE,re,64159,205.50282890942813,199,307.0,423.0,37.83971071868327,1.4595614021415546,,,1.4595614021415546
SciERC,re,1950,161.08871794871794,150.0,245.0,348.0,25.49282051282051,1.5517948717948717,,,1.5517948717948717
conll04,re,1382,160.97756874095515,155.0,267.0,435.0,29.523878437047756,1.1295224312590448,,,1.1295224312590448
kbp37,re,20892,185.80370476737508,170.0,290.0,521.0,31.125885506413937,1.0000478652115643,,,1.0000478652115643
SemEval2010_task8,re,10674,101.63153456998313,95.0,154.0,246.0,17.20058085066517,1.0014052838673413,,,1.0014052838673413
CASIE,ee,5998,165.5895298432811,157.0,248.0,367.0,29.600866955651885,,1.0005001667222408,2.8653557740376603,1.0005001667222408
CrudeOilNews,ee,265,157.64150943396226,155,245.0,302.0,28.645283018867925,,2.1245283018867926,2.2273534635879217,2.1245283018867926
PHEE,ee,4825,135.4101554404145,126,215.0,320.0,18.49761658031088,,1,5.160829015544041,1.0
RAMS,ee,584,708.8578767123288,673.0,1000.0,1489.0,131.361301369863,,1.0462328767123288,2.404255319148936,1.0462328767123288
WikiEvents,ee,119,2013.8403361344538,2043,2148.0,2222.0,379.7647058823529,,1.3361344537815125,1.7106918238993711,1.3361344537815125
ccf_law,ee,971,282.05046343975283,199,348.0,2729.0,1.0638516992790936,,4.2749742533470645,2.7834256805589015,4.2749742533470645
DuEE1.0,ee,13400,57.14156716417911,38.0,117.0,207.0,1.3365671641791044,,1.1565671641791044,2.0810427151890565,1.158134328358209
DuEE-fin,ee,6924,193.8392547660312,183.0,298.0,419.0,5.490756787983824,,1.3292894280762566,3.7080617122990005,1.3347775852108608
FewFC,ee,2869,89.28755663994423,83,134.0,183.0,1.0177762286510978,,1.1164168699895434,2.9422416484545737,1.1164168699895434
