task_id,task_kind,docs_train,schema_edges,typed_flag
SCOPE_re_en_instructIE_en__relShard_001,relShard,775,14,True
SCOPE_re_en_instructIE_en__cat_Building,cat,154,32,True
SCOPE_re_en_instructIE_en__cat_Event,cat,155,20,True
SCOPE_re_en_instructIE_en__cat_Person,cat,165,26,True
SCOPE_re_en_instructIE_en__cat_Creature,cat,156,25,True
SCOPE_re_zh_instructIE_zh__relShard_001,relShard,774,14,True
SCOPE_re_zh_instructIE_zh__cat_建筑,cat,168,35,True
SCOPE_re_zh_instructIE_zh__cat_人物,cat,163,25,True
SCOPE_re_zh_instructIE_zh__cat_生物,cat,159,25,True
SCOPE_re_zh_duIE_zh__relShard_001,relShard,37274,6,True
SCOPE_re_zh_duIE_zh__relShard_002,relShard,30286,10,True
SCOPE_re_zh_duIE_zh__relShard_003,relShard,36022,9,True
SCOPE_re_zh_duIE_zh__relShard_004,relShard,37396,9,True
SCOPE_re_zh_duIE_zh__relShard_005,relShard,36430,7,True
SCOPE_re_zh_duIE_zh__relShard_006,relShard,32370,10,True
SCOPE_re_zh_CMeIE__relShard_001,relShard,6097,7,True
SCOPE_re_zh_CMeIE__relShard_002,relShard,6295,8,True
SCOPE_re_zh_CMeIE__relShard_003,relShard,5672,17,True
SCOPE_re_zh_COAE2016__relShard_001,relShard,157,1,False
SCOPE_re_zh_IPRE__relShard_001,relShard,1991,6,False
SCOPE_re_zh_SKE2020__relShard_001,relShard,1341,7,True
SCOPE_re_zh_SKE2020__relShard_002,relShard,1427,6,True
SCOPE_re_en_ADE_corpus__relShard_001,relShard,3371,1,False
SCOPE_re_en_GIDS__relShard_001,relShard,11388,4,False
SCOPE_re_en_NYT11__relShard_001,relShard,28438,5,False
SCOPE_re_en_NYT11__relShard_002,relShard,22622,7,False
SCOPE_re_en_New-York-Times-RE__relShard_001,relShard,36448,5,False
SCOPE_re_en_New-York-Times-RE__relShard_002,relShard,27817,10,False
SCOPE_re_en_SciERC__relShard_001,relShard,1536,7,False
SCOPE_re_en_conll04__relShard_001,relShard,1113,5,True
SCOPE_re_en_kbp37__relShard_001,relShard,5560,5,False
SCOPE_re_en_kbp37__relShard_002,relShard,5444,6,False
SCOPE_re_en_kbp37__relShard_003,relShard,5711,7,False
SCOPE_re_en_SemEval2010_task8__relShard_001,relShard,4422,5,False
SCOPE_re_en_SemEval2010_task8__relShard_002,relShard,4095,5,False
SCOPE_ee_en_CASIE__evtShard_001,evtShard,2054,18,False
SCOPE_ee_en_CASIE__evtShard_002,evtShard,2729,30,False
SCOPE_ee_en_PHEE__evtShard_001,evtShard,3903,32,False
SCOPE_ee_zh_ccf_law__evtShard_001,evtShard,736,15,False
SCOPE_ee_zh_ccf_law__evtShard_002,evtShard,731,7,False
SCOPE_ee_zh_DuEE1.0__evtShard_001,evtShard,1510,4,False
SCOPE_ee_zh_DuEE1.0__evtShard_002,evtShard,1081,3,False
SCOPE_ee_zh_DuEE1.0__evtShard_003,evtShard,1132,11,False
SCOPE_ee_zh_DuEE1.0__evtShard_004,evtShard,1102,9,False
SCOPE_ee_zh_DuEE1.0__evtShard_005,evtShard,1159,12,False
SCOPE_ee_zh_DuEE1.0__evtShard_006,evtShard,1058,11,False
SCOPE_ee_zh_DuEE1.0__evtShard_007,evtShard,1200,18,False
SCOPE_ee_zh_DuEE-fin__evtShard_001,evtShard,1493,20,False
SCOPE_ee_zh_DuEE-fin__evtShard_002,evtShard,1509,21,False
SCOPE_ee_zh_DuEE-fin__evtShard_003,evtShard,1390,26,False
SCOPE_ee_zh_DuEE-fin__evtShard_004,evtShard,1495,20,False
SCOPE_ee_zh_FewFC__evtShard_001,evtShard,1331,15,False
SCOPE_ee_zh_FewFC__evtShard_002,evtShard,965,14,False
SCOPE_all_en__mix_rel001_evt001,mix,9463,37,False
SCOPE_all_en__mix_rel002_evt002,mix,6100,31,False
SCOPE_all_zh__mix_rel003_evt003,mix,38767,26,True
SCOPE_all_zh__mix_rel004_evt004,mix,33701,25,True
SCOPE_all_zh__mix_rel005_evt005,mix,37488,18,True
SCOPE_all_zh__mix_rel006_evt006,mix,7790,28,True
SCOPE_all_zh__mix_rel007_evt007,mix,2422,10,True
SCOPE_all_zh__mix_rel008_evt008,mix,37412,35,True
SCOPE_all_zh__mix_rel009_evt009,mix,38332,17,True
SCOPE_all_en__mix_rel010_evt010,mix,7274,33,False
SCOPE_all_zh__mix_rel011_evt011,mix,1316,13,False
SCOPE_all_zh__mix_rel012_evt012,mix,2072,14,True
SCOPE_all_zh__mix_rel013_evt013,mix,33451,13,True
SCOPE_all_zh__mix_rel014_evt014,mix,31676,36,True
SCOPE_all_zh__mix_rel015_evt015,mix,7607,11,True
SCOPE_all_zh__mix_rel016_evt016,mix,37761,22,True
SCOPE_all_zh__mix_rel017_evt017,mix,2392,20,True
SCOPE_all_zh__mix_rel018_evt018,mix,3123,17,False
SCOPE_all_zh__mix_rel019_evt019,mix,38528,20,True
SCOPE_all_en__mix_rel020_evt020,mix,40351,37,False
SCOPE_all_zh__mix_rel021_evt021,mix,31486,28,True
SCOPE_all_zh__mix_rel022_evt022,mix,2722,13,False
SCOPE_all_zh__mix_rel023_evt023,mix,7397,17,True
SCOPE_all_zh__mix_rel024_evt024,mix,38127,16,True
SCOPE_all_zh__mix_rel025_evt025,mix,3486,26,False
SCOPE_all_zh__mix_rel026_evt026,mix,37532,16,True
SCOPE_all_zh__mix_rel027_evt027,mix,33879,31,True
SCOPE_all_zh__mix_rel028_evt028,mix,2627,24,True
SCOPE_all_en__mix_rel029_evt029,mix,7998,37,False
SCOPE_all_en__mix_rel030_evt030,mix,4678,46,True
SCOPE_all_en__mix_rel031_evt031,mix,32341,37,False
SCOPE_all_zh__mix_rel032_evt032,mix,38239,20,True
SCOPE_all_zh__mix_rel033_evt033,mix,31418,21,True
SCOPE_all_en__mix_rel034_evt034,mix,8173,36,False
SCOPE_all_zh__mix_rel035_evt035,mix,7062,21,True
SCOPE_all_en__mix_rel036_evt036,mix,5016,37,True
SCOPE_all_zh__mix_rel037_evt037,mix,37517,29,True
SCOPE_all_zh__mix_rel038_evt038,mix,1650,21,False
SCOPE_all_zh__mix_rel039_evt039,mix,1547,27,False
SCOPE_all_zh__mix_rel040_evt040,mix,33865,30,True
SCOPE_all_zh__mix_rel041_evt041,mix,33502,21,True
SCOPE_all_zh__mix_rel042_evt042,mix,37511,10,True
SCOPE_all_zh__mix_rel043_evt043,mix,6403,24,True
SCOPE_all_zh__mix_rel044_evt044,mix,7031,23,True
SCOPE_all_zh__mix_rel045_evt045,mix,38361,23,True
SCOPE_all_zh__mix_rel046_evt046,mix,36753,16,True
SCOPE_all_zh__mix_rel047_evt047,mix,2559,17,True
SCOPE_all_zh__mix_rel048_evt048,mix,1505,21,True
SCOPE_all_zh__mix_rel049_evt049,mix,3484,26,False
SCOPE_all_zh__mix_rel050_evt050,mix,31445,22,True
SCOPE_all_zh__mix_rel051_evt051,mix,2163,21,True
SCOPE_all_en__mix_rel052_evt052,mix,5425,19,False
SCOPE_all_en__mix_rel053_evt053,mix,8440,37,False
SCOPE_all_en__mix_rel054_evt054,mix,3842,35,True
SCOPE_all_zh__mix_rel055_evt055,mix,33863,30,True
SCOPE_all_zh__mix_rel056_evt056,mix,37630,25,True
SCOPE_all_zh__mix_rel057_evt057,mix,3501,10,False
SCOPE_all_zh__mix_rel058_evt058,mix,1510,29,True
SCOPE_all_zh__mix_rel059_evt059,mix,1289,12,False
SCOPE_all_zh__mix_rel060_evt060,mix,7155,18,True
SCOPE_all_zh__mix_rel061_evt061,mix,38477,12,True
SCOPE_all_en__mix_rel062_evt062,mix,7614,23,False
SCOPE_all_zh__mix_rel063_evt063,mix,38783,27,True
SCOPE_all_zh__mix_rel064_evt064,mix,2158,13,True
SCOPE_all_zh__mix_rel065_evt065,mix,1876,23,True
SCOPE_all_zh__mix_rel066_evt066,mix,2850,28,True
SCOPE_all_zh__mix_rel067_evt067,mix,1906,25,True
SCOPE_all_zh__mix_rel068_evt068,mix,2817,32,True
SCOPE_all_en__mix_rel069_evt069,mix,31720,42,False
SCOPE_all_zh__mix_rel070_evt070,mix,2283,35,True
SCOPE_all_zh__mix_rel071_evt071,mix,7167,37,True
SCOPE_all_zh__mix_rel072_evt072,mix,7199,16,True
SCOPE_all_zh__mix_rel073_evt073,mix,1652,21,False
SCOPE_all_zh__mix_rel074_evt074,mix,7592,27,True
SCOPE_all_zh__mix_rel075_evt075,mix,38596,27,True
SCOPE_all_zh__mix_rel076_evt076,mix,37531,30,True
SCOPE_all_zh__mix_rel077_evt077,mix,1855,17,True
SCOPE_all_zh__mix_rel078_evt078,mix,38906,13,True
SCOPE_all_zh__mix_rel079_evt079,mix,7026,15,True
SCOPE_all_zh__mix_rel080_evt080,mix,31344,21,True
SCOPE_all_en__mix_rel081_evt081,mix,7765,25,False
SCOPE_all_zh__mix_rel082_evt082,mix,2529,15,True
SCOPE_all_zh__mix_rel083_evt083,mix,31251,24,True
SCOPE_all_zh__mix_rel084_evt084,mix,38498,18,True
SCOPE_all_zh__mix_rel085_evt085,mix,2541,25,True
SCOPE_all_zh__mix_rel086_evt086,mix,2672,22,True
SCOPE_all_en__mix_rel087_evt087,mix,2829,32,True
SCOPE_all_zh__mix_rel088_evt088,mix,1238,4,False
SCOPE_all_zh__mix_rel089_evt089,mix,31022,25,True
SCOPE_all_zh__mix_rel090_evt090,mix,2500,19,True
SCOPE_all_zh__mix_rel091_evt091,mix,38891,29,True
SCOPE_all_zh__mix_rel092_evt092,mix,3093,15,False
SCOPE_all_en__mix_rel093_evt093,mix,3504,44,True
SCOPE_all_zh__mix_rel094_evt094,mix,2731,33,True
SCOPE_all_zh__mix_rel095_evt095,mix,37589,19,True
SCOPE_all_zh__mix_rel096_evt096,mix,33428,21,True
SCOPE_all_zh__mix_rel097_evt097,mix,33529,22,True
SCOPE_all_en__mix_rel098_evt098,mix,3167,23,True
SCOPE_all_zh__mix_rel099_evt099,mix,7003,32,True
SCOPE_all_zh__mix_rel100_evt100,mix,893,16,False
SCOPE_all_zh__mix_rel101_evt101,mix,7353,19,True
SCOPE_all_zh__mix_rel102_evt102,mix,2836,27,True
SCOPE_all_zh__mix_rel103_evt103,mix,3381,32,False
SCOPE_all_zh__mix_rel104_evt104,mix,31781,30,True
SCOPE_all_zh__mix_rel105_evt105,mix,37124,18,True
SCOPE_all_zh__mix_rel106_evt106,mix,7788,28,True
SCOPE_all_zh__mix_rel107_evt107,mix,7804,29,True
SCOPE_all_zh__mix_rel108_evt108,mix,7229,18,True
SCOPE_all_zh__mix_rel109_evt109,mix,3072,9,False
SCOPE_all_zh__mix_rel110_evt110,mix,33760,36,True
SCOPE_all_zh__mix_rel111_evt111,mix,6730,28,True
SCOPE_all_zh__mix_rel112_evt112,mix,31796,14,True
SCOPE_all_zh__mix_rel113_evt113,mix,38454,20,True
SCOPE_all_zh__mix_rel114_evt114,mix,37103,12,True
SCOPE_all_en__mix_rel115_evt115,mix,24676,25,False
SCOPE_all_zh__mix_rel116_evt116,mix,38355,9,True
SCOPE_all_zh__mix_rel117_evt117,mix,888,8,False
SCOPE_all_zh__mix_rel118_evt118,mix,3049,17,False
SCOPE_all_en__mix_rel119_evt119,mix,5439,39,False
SCOPE_all_zh__mix_rel120_evt120,mix,7590,27,True
SCOPE_all_zh__mix_rel121_evt121,mix,6637,31,True
SCOPE_all_zh__mix_rel122_evt122,mix,37532,13,True
SCOPE_all_en__mix_rel123_evt123,mix,25351,37,False
SCOPE_all_zh__mix_rel124_evt124,mix,33101,17,True
SCOPE_all_en__mix_rel125_evt125,mix,29871,28,False
SCOPE_all_zh__mix_rel126_evt126,mix,2920,26,True
SCOPE_all_zh__mix_rel127_evt127,mix,2077,22,True
SCOPE_all_zh__mix_rel128_evt128,mix,37080,20,True
SCOPE_all_zh__mix_rel129_evt129,mix,2834,27,True
SCOPE_all_zh__mix_rel130_evt130,mix,2727,21,False
SCOPE_all_zh__mix_rel131_evt131,mix,38664,32,True
SCOPE_all_zh__mix_rel132_evt132,mix,31795,31,True
SCOPE_all_zh__mix_rel133_evt133,mix,37925,27,True
SCOPE_all_zh__mix_rel134_evt134,mix,7606,28,True
SCOPE_all_zh__mix_rel135_evt135,mix,2284,18,True
SCOPE_all_zh__mix_rel136_evt136,mix,37939,28,True
SCOPE_all_zh__mix_rel137_evt137,mix,33472,19,True
SCOPE_all_zh__mix_rel138_evt138,mix,38889,29,True
SCOPE_all_en__mix_rel139_evt139,mix,7151,35,False
SCOPE_all_zh__mix_rel140_evt140,mix,37161,14,True
SCOPE_all_zh__mix_rel141_evt141,mix,2443,16,True
SCOPE_all_zh__mix_rel142_evt142,mix,2399,18,True
SCOPE_all_zh__mix_rel143_evt143,mix,7428,22,True
SCOPE_all_zh__mix_rel144_evt144,mix,38555,21,True
SCOPE_all_en__mix_rel145_evt145,mix,30546,40,False
SCOPE_all_en__mix_rel146_evt146,mix,3590,25,False
SCOPE_all_zh__mix_rel147_evt147,mix,3500,27,False
SCOPE_all_zh__mix_rel148_evt148,mix,2851,11,True
SCOPE_all_zh__mix_rel149_evt149,mix,37820,33,True
SCOPE_all_zh__mix_rel150_evt150,mix,2473,18,True
SCOPE_all_zh__mix_rel151_evt151,mix,3322,21,False
SCOPE_all_zh__mix_rel152_evt152,mix,2306,21,True
SCOPE_all_en__mix_rel153_evt153,mix,38502,23,False
SCOPE_all_zh__mix_rel154_evt154,mix,38005,13,True
SCOPE_all_zh__mix_rel155_evt155,mix,1832,25,True
SCOPE_all_en__mix_rel156_evt156,mix,31167,35,False
SCOPE_all_zh__mix_rel157_evt157,mix,7805,12,True
SCOPE_all_en__mix_rel158_evt158,mix,6149,23,False
SCOPE_all_zh__mix_rel159_evt159,mix,1122,15,False
SCOPE_all_zh__mix_rel160_evt160,mix,31779,30,True
SCOPE_all_zh__mix_rel161_evt161,mix,2936,27,True
SCOPE_all_zh__mix_rel162_evt162,mix,7495,26,True
SCOPE_all_zh__mix_rel163_evt163,mix,2485,17,True
SCOPE_all_en__mix_rel164_evt164,mix,9614,39,False
SCOPE_all_zh__mix_rel165_evt165,mix,1667,5,False
SCOPE_all_zh__mix_rel166_evt166,mix,38905,30,True
SCOPE_all_zh__mix_rel167_evt167,mix,7256,19,True
SCOPE_all_zh__mix_rel168_evt168,mix,37923,27,True
SCOPE_all_zh__mix_rel169_evt169,mix,7376,11,True
SCOPE_all_zh__mix_rel170_evt170,mix,7685,34,True
SCOPE_all_zh__mix_rel171_evt171,mix,3191,24,False
SCOPE_all_en__mix_rel172_evt172,mix,14117,34,False
SCOPE_all_zh__mix_rel173_evt173,mix,38784,10,True
SCOPE_all_zh__mix_rel174_evt174,mix,36987,23,True
SCOPE_all_zh__mix_rel175_evt175,mix,2937,10,True
SCOPE_all_zh__mix_rel176_evt176,mix,38132,24,True
SCOPE_all_zh__mix_rel177_evt177,mix,38727,24,True
SCOPE_all_zh__mix_rel178_evt178,mix,37395,21,True
SCOPE_all_zh__mix_rel179_evt179,mix,7297,25,True
SCOPE_all_en__mix_rel180_evt180,mix,13442,22,False
SCOPE_all_zh__mix_rel181_evt181,mix,7487,33,True
SCOPE_all_zh__mix_rel182_evt182,mix,37940,11,True
SCOPE_all_zh__mix_rel183_evt183,mix,6828,14,True
SCOPE_all_zh__mix_rel184_evt184,mix,7626,23,True
SCOPE_all_zh__mix_rel185_evt185,mix,2508,9,True
SCOPE_all_zh__mix_rel186_evt186,mix,7427,19,True
SCOPE_all_zh__mix_rel187_evt187,mix,37154,20,True
SCOPE_all_zh__mix_rel188_evt188,mix,1259,10,False
SCOPE_all_en__mix_rel189_evt189,mix,15291,36,False
SCOPE_all_en__mix_rel190_evt190,mix,26525,39,False
SCOPE_all_zh__mix_rel191_evt191,mix,2105,29,True
SCOPE_all_zh__mix_rel192_evt192,mix,2956,20,False
SCOPE_all_zh__mix_rel193_evt193,mix,7182,21,True
SCOPE_all_en__mix_rel194_evt194,mix,6824,35,False
SCOPE_all_zh__mix_rel195_evt195,mix,33880,14,True
SCOPE_all_zh__mix_rel196_evt196,mix,36758,24,True
SCOPE_all_zh__mix_rel197_evt197,mix,1666,22,False
SCOPE_all_zh__mix_rel198_evt198,mix,2586,18,True
SCOPE_all_zh__mix_rel199_evt199,mix,7181,38,True
SCOPE_all_zh__mix_rel200_evt200,mix,38474,24,True
