dataset,task,lang,split_train,split_dev,split_test,doc_count_dedup,output_samples_count,raw_records_count,duplicate_ratio,avg_chars,median_chars,p90_chars,p99_chars,avg_tokens_ws,median_tokens_ws,avg_triples_per_doc,median_triples_per_doc,avg_events_per_doc,median_events_per_doc,avg_args_per_event,train_dev_text_overlap_ratio,train_test_text_overlap_ratio
instructIE_en,re,en,186706,975,998,188636,4667,188679,0.0002,655.1905,571.0,1196,1636,107.4607,94.0,5.1554,4,NA,NA,NA,0.0,0.0
instructIE_zh,re,zh,171471,1004,1002,173150,4952,173477,0.0019,174.6529,128,368,611,2.3435,2,6.1153,5,NA,NA,NA,0.0008,0.0011
duIE_zh,re,zh,171293,20674,NA,191957,286426,191967,0.0001,68.9791,57,130,195,1.9085,1,1.8156,1,NA,NA,NA,0.0001,NA
CMeIE,re,zh,14339,3585,4482,22406,27386,22406,0.0,85.3793,74.0,153,258,4.8127,3.0,2.4228,2.0,NA,NA,NA,0.0,0.0
COAE2016,re,zh,0,0,971,971,971,971,0.0,52.6746,51,79,98,1.5108,1,1.0,1,NA,NA,NA,NA,NA
IPRE,re,zh,0,0,3340,3340,3340,3340,0.0,37.626,38.0,55,60,1.0,1.0,1.0,1.0,NA,NA,NA,NA,NA
SKE2020,re,zh,0,0,3601,3601,6136,3601,0.0,56.396,46,100,176,1.4232,1,2.0455,2,NA,NA,NA,NA,NA
ADE_corpus,re,en,3416,427,428,4271,4271,4271,0.0,135.4898,126,215,321,21.2374,20,1.5968,1,NA,NA,NA,0.0,0.0
GIDS,re,en,8525,1417,4307,14248,14248,14249,0.0001,367.5405,353,604,924,61.3013,58,1.0,1,NA,NA,NA,0.0001,0.0
NYT11,re,en,60765,146,362,61269,71031,61273,0.0001,204.5776,198,304,428,37.6345,36,1.1897,1,NA,NA,NA,0.0001,0.0
New-York-Times-RE,re,en,54412,4975,4985,64159,93644,64372,0.0033,205.4144,199.0,307,423,37.8257,37.0,1.6809,1.0,NA,NA,NA,0.0033,0.0
SciERC,re,en,1366,187,397,1950,3026,1950,0.0,161.0887,150.0,245,351,25.4928,24.0,2.3836,2.0,NA,NA,NA,0.0,0.0
conll04,re,en,989,115,287,1382,1561,1391,0.0065,160.5852,155,268,439,29.463,28,1.3954,1,NA,NA,NA,0.0071,0.0
kbp37,re,en,15911,1723,3405,21038,20893,21039,0.0,185.7046,169,290,522,31.1111,28,1.0,1,NA,NA,NA,0.0001,0.0
SemEval2010_task8,re,en,8000,NA,2717,10674,10689,10717,0.004,101.6953,95,154,246,17.2125,16,1.0,1,NA,NA,NA,NA,0.0019
CASIE,ee,en,3732,777,1492,5998,6001,6001,0.0005,165.5707,157,248,367,29.5972,28,NA,NA,1.0,1,2.8654,0.0,0.0
CrudeOilNews,ee,en,0,0,356,356,563,356,0.0,150.7612,149.0,235,302,26.2163,27.0,NA,NA,1.5815,2.0,2.5298,NA,NA
PHEE,ee,en,2897,960,968,4825,4825,4825,0.0,135.4102,126,215,323,18.4976,17,NA,NA,1.0,1,5.1608,0.0,0.0
RAMS,ee,en,NA,NA,887,600,611,887,0.3236,703.7576,685,993,1461,130.1466,127,NA,NA,0.6888,1,2.4043,NA,NA
WikiEvents,ee,en,NA,NA,249,120,159,249,0.5181,1981.253,2038,2172,2243,372.5622,384,NA,NA,0.6386,0,1.7031,NA,NA
ccf_law,ee,zh,0,0,971,971,4151,971,0.0,282.0505,199,348,2752,1.0639,1,NA,NA,4.277,4,2.9718,NA,NA
DuEE1.0,ee,zh,11908,0,1492,13400,15519,13400,0.0,57.1416,38.0,117,207,1.3366,1.0,NA,NA,1.1674,1.0,2.0608,NA,0.0
DuEE-fin,ee,zh,7015,0,1171,8186,9242,8186,0.0,193.0689,183.0,296,422,5.6863,5.0,NA,NA,1.2155,1.0,3.5944,NA,0.0
FewFC,ee,zh,0,0,2879,2879,3203,2879,0.0,89.2879,83,135,184,1.0177,1,NA,NA,1.1139,1,2.9677,NA,NA
