dataset,task,lang,schema_edges,reachable_edges_train,reachable_ratio_train
instructIE_en,re,en,116,116,1.0
instructIE_zh,re,zh,115,115,1.0
duIE_zh,re,zh,55,48,0.8727
CMeIE,re,zh,53,53,1.0
COAE2016,re,zh,18,9,0.5
IPRE,re,zh,70,35,0.5
SKE2020,re,zh,49,49,1.0
ADE_corpus,re,en,1,1,1.0
GIDS,re,en,4,4,1.0
NYT11,re,en,12,12,1.0
New-York-Times-RE,re,en,24,108,4.5
SciERC,re,en,7,7,1.0
conll04,re,en,5,5,1.0
kbp37,re,en,18,18,1.0
SemEval2010_task8,re,en,11,10,0.9091
CASIE,ee,en,48,48,1.0
CrudeOilNews,ee,en,104,104,1.0
PHEE,ee,en,32,32,1.0
RAMS,ee,en,398,329,0.8266
WikiEvents,ee,en,81,36,0.4444
ccf_law,ee,zh,39,39,1.0
DuEE1.0,ee,zh,217,217,1.0
DuEE-fin,ee,zh,91,91,1.0
FewFC,ee,zh,29,29,1.0
