dataset,task,method,k,reachable_edges,reachable_ratio,schema_edges
instructIE_en,re,random,50,32,0.2759,116
instructIE_en,re,coverage_aware,50,50,0.431,116
instructIE_en,re,random,100,47,0.4052,116
instructIE_en,re,coverage_aware,100,100,0.8621,116
instructIE_en,re,random,200,71,0.6121,116
instructIE_en,re,coverage_aware,200,103,0.8879,116
instructIE_en,re,random,500,81,0.6983,116
instructIE_en,re,coverage_aware,500,103,0.8879,116
instructIE_en,re,random,1000,93,0.8017,116
instructIE_en,re,coverage_aware,1000,103,0.8879,116
instructIE_zh,re,random,50,30,0.2609,115
instructIE_zh,re,coverage_aware,50,50,0.4348,115
instructIE_zh,re,random,100,46,0.4,115
instructIE_zh,re,coverage_aware,100,100,0.8696,115
instructIE_zh,re,random,200,67,0.5826,115
instructIE_zh,re,coverage_aware,200,106,0.9217,115
instructIE_zh,re,random,500,84,0.7304,115
instructIE_zh,re,coverage_aware,500,106,0.9217,115
instructIE_zh,re,random,1000,93,0.8087,115
instructIE_zh,re,coverage_aware,1000,106,0.9217,115
duIE_zh,re,random,50,22,0.4,55
duIE_zh,re,coverage_aware,50,50,0.9091,55
duIE_zh,re,random,100,27,0.4909,55
duIE_zh,re,coverage_aware,100,53,0.9636,55
duIE_zh,re,random,200,40,0.7273,55
duIE_zh,re,coverage_aware,200,53,0.9636,55
duIE_zh,re,random,500,48,0.8727,55
duIE_zh,re,coverage_aware,500,53,0.9636,55
duIE_zh,re,random,1000,50,0.9091,55
duIE_zh,re,coverage_aware,1000,53,0.9636,55
CMeIE,re,random,50,23,0.434,53
CMeIE,re,coverage_aware,50,50,0.9434,53
CMeIE,re,random,100,28,0.5283,53
CMeIE,re,coverage_aware,100,51,0.9623,53
CMeIE,re,random,200,36,0.6792,53
CMeIE,re,coverage_aware,200,51,0.9623,53
CMeIE,re,random,500,43,0.8113,53
CMeIE,re,coverage_aware,500,51,0.9623,53
CMeIE,re,random,1000,47,0.8868,53
CMeIE,re,coverage_aware,1000,51,0.9623,53
COAE2016,re,random,50,9,0.5,18
COAE2016,re,coverage_aware,50,9,0.5,18
COAE2016,re,random,100,9,0.5,18
COAE2016,re,coverage_aware,100,9,0.5,18
COAE2016,re,random,200,9,0.5,18
COAE2016,re,coverage_aware,200,9,0.5,18
COAE2016,re,random,500,9,0.5,18
COAE2016,re,coverage_aware,500,9,0.5,18
COAE2016,re,random,1000,9,0.5,18
COAE2016,re,coverage_aware,1000,9,0.5,18
IPRE,re,random,50,13,0.1857,70
IPRE,re,coverage_aware,50,35,0.5,70
IPRE,re,random,100,18,0.2571,70
IPRE,re,coverage_aware,100,35,0.5,70
IPRE,re,random,200,18,0.2571,70
IPRE,re,coverage_aware,200,35,0.5,70
IPRE,re,random,500,24,0.3429,70
IPRE,re,coverage_aware,500,35,0.5,70
IPRE,re,random,1000,27,0.3857,70
IPRE,re,coverage_aware,1000,35,0.5,70
SKE2020,re,random,50,21,0.4286,49
SKE2020,re,coverage_aware,50,48,0.9796,49
SKE2020,re,random,100,27,0.551,49
SKE2020,re,coverage_aware,100,48,0.9796,49
SKE2020,re,random,200,31,0.6327,49
SKE2020,re,coverage_aware,200,48,0.9796,49
SKE2020,re,random,500,40,0.8163,49
SKE2020,re,coverage_aware,500,48,0.9796,49
SKE2020,re,random,1000,45,0.9184,49
SKE2020,re,coverage_aware,1000,48,0.9796,49
ADE_corpus,re,random,50,1,1.0,1
ADE_corpus,re,coverage_aware,50,1,1.0,1
ADE_corpus,re,random,100,1,1.0,1
ADE_corpus,re,coverage_aware,100,1,1.0,1
ADE_corpus,re,random,200,1,1.0,1
ADE_corpus,re,coverage_aware,200,1,1.0,1
ADE_corpus,re,random,500,1,1.0,1
ADE_corpus,re,coverage_aware,500,1,1.0,1
ADE_corpus,re,random,1000,1,1.0,1
ADE_corpus,re,coverage_aware,1000,1,1.0,1
GIDS,re,random,50,4,1.0,4
GIDS,re,coverage_aware,50,4,1.0,4
GIDS,re,random,100,4,1.0,4
GIDS,re,coverage_aware,100,4,1.0,4
GIDS,re,random,200,4,1.0,4
GIDS,re,coverage_aware,200,4,1.0,4
GIDS,re,random,500,4,1.0,4
GIDS,re,coverage_aware,500,4,1.0,4
GIDS,re,random,1000,4,1.0,4
GIDS,re,coverage_aware,1000,4,1.0,4
NYT11,re,random,50,11,0.9167,12
NYT11,re,coverage_aware,50,12,1.0,12
NYT11,re,random,100,11,0.9167,12
NYT11,re,coverage_aware,100,12,1.0,12
NYT11,re,random,200,11,0.9167,12
NYT11,re,coverage_aware,200,12,1.0,12
NYT11,re,random,500,12,1.0,12
NYT11,re,coverage_aware,500,12,1.0,12
NYT11,re,random,1000,12,1.0,12
NYT11,re,coverage_aware,1000,12,1.0,12
New-York-Times-RE,re,random,50,12,0.5,24
New-York-Times-RE,re,coverage_aware,50,50,2.0833,24
New-York-Times-RE,re,random,100,15,0.625,24
New-York-Times-RE,re,coverage_aware,100,65,2.7083,24
New-York-Times-RE,re,random,200,20,0.8333,24
New-York-Times-RE,re,coverage_aware,200,65,2.7083,24
New-York-Times-RE,re,random,500,31,1.2917,24
New-York-Times-RE,re,coverage_aware,500,65,2.7083,24
New-York-Times-RE,re,random,1000,38,1.5833,24
New-York-Times-RE,re,coverage_aware,1000,65,2.7083,24
SciERC,re,random,50,7,1.0,7
SciERC,re,coverage_aware,50,7,1.0,7
SciERC,re,random,100,7,1.0,7
SciERC,re,coverage_aware,100,7,1.0,7
SciERC,re,random,200,7,1.0,7
SciERC,re,coverage_aware,200,7,1.0,7
SciERC,re,random,500,7,1.0,7
SciERC,re,coverage_aware,500,7,1.0,7
SciERC,re,random,1000,7,1.0,7
SciERC,re,coverage_aware,1000,7,1.0,7
conll04,re,random,50,5,1.0,5
conll04,re,coverage_aware,50,5,1.0,5
conll04,re,random,100,5,1.0,5
conll04,re,coverage_aware,100,5,1.0,5
conll04,re,random,200,5,1.0,5
conll04,re,coverage_aware,200,5,1.0,5
conll04,re,random,500,5,1.0,5
conll04,re,coverage_aware,500,5,1.0,5
conll04,re,random,1000,5,1.0,5
conll04,re,coverage_aware,1000,5,1.0,5
kbp37,re,random,50,15,0.8333,18
kbp37,re,coverage_aware,50,18,1.0,18
kbp37,re,random,100,18,1.0,18
kbp37,re,coverage_aware,100,18,1.0,18
kbp37,re,random,200,18,1.0,18
kbp37,re,coverage_aware,200,18,1.0,18
kbp37,re,random,500,18,1.0,18
kbp37,re,coverage_aware,500,18,1.0,18
kbp37,re,random,1000,18,1.0,18
kbp37,re,coverage_aware,1000,18,1.0,18
SemEval2010_task8,re,random,50,10,0.9091,11
SemEval2010_task8,re,coverage_aware,50,10,0.9091,11
SemEval2010_task8,re,random,100,10,0.9091,11
SemEval2010_task8,re,coverage_aware,100,10,0.9091,11
SemEval2010_task8,re,random,200,10,0.9091,11
SemEval2010_task8,re,coverage_aware,200,10,0.9091,11
SemEval2010_task8,re,random,500,10,0.9091,11
SemEval2010_task8,re,coverage_aware,500,10,0.9091,11
SemEval2010_task8,re,random,1000,10,0.9091,11
SemEval2010_task8,re,coverage_aware,1000,10,0.9091,11
CASIE,ee,random,50,34,0.7083,48
CASIE,ee,coverage_aware,50,48,1.0,48
CASIE,ee,random,100,39,0.8125,48
CASIE,ee,coverage_aware,100,48,1.0,48
CASIE,ee,random,200,45,0.9375,48
CASIE,ee,coverage_aware,200,48,1.0,48
CASIE,ee,random,500,47,0.9792,48
CASIE,ee,coverage_aware,500,48,1.0,48
CASIE,ee,random,1000,48,1.0,48
CASIE,ee,coverage_aware,1000,48,1.0,48
CrudeOilNews,ee,random,50,49,0.4712,104
CrudeOilNews,ee,coverage_aware,50,104,1.0,104
CrudeOilNews,ee,random,100,60,0.5769,104
CrudeOilNews,ee,coverage_aware,100,104,1.0,104
CrudeOilNews,ee,random,200,76,0.7308,104
CrudeOilNews,ee,coverage_aware,200,104,1.0,104
CrudeOilNews,ee,random,500,104,1.0,104
CrudeOilNews,ee,coverage_aware,500,104,1.0,104
CrudeOilNews,ee,random,1000,104,1.0,104
CrudeOilNews,ee,coverage_aware,1000,104,1.0,104
PHEE,ee,random,50,18,0.5625,32
PHEE,ee,coverage_aware,50,32,1.0,32
PHEE,ee,random,100,24,0.75,32
PHEE,ee,coverage_aware,100,32,1.0,32
PHEE,ee,random,200,30,0.9375,32
PHEE,ee,coverage_aware,200,32,1.0,32
PHEE,ee,random,500,32,1.0,32
PHEE,ee,coverage_aware,500,32,1.0,32
PHEE,ee,random,1000,32,1.0,32
PHEE,ee,coverage_aware,1000,32,1.0,32
RAMS,ee,random,50,96,0.2412,398
RAMS,ee,coverage_aware,50,204,0.5126,398
RAMS,ee,random,100,145,0.3643,398
RAMS,ee,coverage_aware,100,318,0.799,398
RAMS,ee,random,200,238,0.598,398
RAMS,ee,coverage_aware,200,329,0.8266,398
RAMS,ee,random,500,321,0.8065,398
RAMS,ee,coverage_aware,500,329,0.8266,398
RAMS,ee,random,1000,329,0.8266,398
RAMS,ee,coverage_aware,1000,329,0.8266,398
WikiEvents,ee,random,50,25,0.3086,81
WikiEvents,ee,coverage_aware,50,36,0.4444,81
WikiEvents,ee,random,100,35,0.4321,81
WikiEvents,ee,coverage_aware,100,36,0.4444,81
WikiEvents,ee,random,200,36,0.4444,81
WikiEvents,ee,coverage_aware,200,36,0.4444,81
WikiEvents,ee,random,500,36,0.4444,81
WikiEvents,ee,coverage_aware,500,36,0.4444,81
WikiEvents,ee,random,1000,36,0.4444,81
WikiEvents,ee,coverage_aware,1000,36,0.4444,81
ccf_law,ee,random,50,23,0.5897,39
ccf_law,ee,coverage_aware,50,39,1.0,39
ccf_law,ee,random,100,29,0.7436,39
ccf_law,ee,coverage_aware,100,39,1.0,39
ccf_law,ee,random,200,31,0.7949,39
ccf_law,ee,coverage_aware,200,39,1.0,39
ccf_law,ee,random,500,33,0.8462,39
ccf_law,ee,coverage_aware,500,39,1.0,39
ccf_law,ee,random,1000,35,0.8974,39
ccf_law,ee,coverage_aware,1000,39,1.0,39
DuEE1.0,ee,random,50,70,0.3226,217
DuEE1.0,ee,coverage_aware,50,173,0.7972,217
DuEE1.0,ee,random,100,95,0.4378,217
DuEE1.0,ee,coverage_aware,100,215,0.9908,217
DuEE1.0,ee,random,200,144,0.6636,217
DuEE1.0,ee,coverage_aware,200,215,0.9908,217
DuEE1.0,ee,random,500,174,0.8018,217
DuEE1.0,ee,coverage_aware,500,215,0.9908,217
DuEE1.0,ee,random,1000,199,0.9171,217
DuEE1.0,ee,coverage_aware,1000,215,0.9908,217
DuEE-fin,ee,random,50,63,0.6923,91
DuEE-fin,ee,coverage_aware,50,91,1.0,91
DuEE-fin,ee,random,100,69,0.7582,91
DuEE-fin,ee,coverage_aware,100,91,1.0,91
DuEE-fin,ee,random,200,82,0.9011,91
DuEE-fin,ee,coverage_aware,200,91,1.0,91
DuEE-fin,ee,random,500,88,0.967,91
DuEE-fin,ee,coverage_aware,500,91,1.0,91
DuEE-fin,ee,random,1000,91,1.0,91
DuEE-fin,ee,coverage_aware,1000,91,1.0,91
FewFC,ee,random,50,24,0.8276,29
FewFC,ee,coverage_aware,50,29,1.0,29
FewFC,ee,random,100,28,0.9655,29
FewFC,ee,coverage_aware,100,29,1.0,29
FewFC,ee,random,200,29,1.0,29
FewFC,ee,coverage_aware,200,29,1.0,29
FewFC,ee,random,500,29,1.0,29
FewFC,ee,coverage_aware,500,29,1.0,29
FewFC,ee,random,1000,29,1.0,29
FewFC,ee,coverage_aware,1000,29,1.0,29
