dataset,task,lang,format,schema_has_external_file,schema_items_count,schema_edges,rel_types,ent_types,schema_edges_count,typed_flag,event_types,role_types,event_role_edges,trigger_in_schema_flag,polysemy_max_pairs_per_relation,polysemy_avg_pairs_per_relation,polysemous_rel_ratio,compound_type_ratio,max_compound_depth,graph_components,graph_avg_degree,graph_max_degree,graph_edge_density,ee_role_mapping
instructIE_en,re,en,instructie,True,123,116,90,18,116,True,NA,NA,0,False,10,1.2889,0.1,0.2222,2,1,4.8889,10,0.7582,
instructIE_zh,re,zh,instructie,True,122,115,89,18,115,True,NA,NA,0,False,10,1.2921,0.1011,0.2222,2,1,4.8889,10,0.7516,
duIE_zh,re,zh,duie,True,55,55,48,26,55,True,NA,NA,0,False,4,1.1458,0.1042,0.0385,2,1,2.9615,12,0.1692,
CMeIE,re,zh,cmeie,True,53,53,44,11,53,True,NA,NA,0,False,10,1.2045,0.0227,0.0,1,1,2.7273,11,0.9636,
COAE2016,re,zh,coae2016,True,18,18,18,NA,18,False,NA,NA,0,False,1,1.0,0.0,NA,NA,1,1.0,1,NA,
IPRE,re,zh,ipre,True,70,70,70,NA,70,False,NA,NA,0,False,1,1.0,0.0,NA,NA,1,1.0,1,NA,
SKE2020,re,zh,ske2020,True,49,49,48,28,49,True,NA,NA,0,False,2,1.0208,0.0208,0.0,1,3,2.4643,13,0.1296,
ADE_corpus,re,en,ade_corpus,True,1,1,1,NA,1,False,NA,NA,0,False,1,1.0,0.0,NA,NA,1,1.0,1,NA,
GIDS,re,en,gids,True,4,4,4,NA,4,False,NA,NA,0,False,1,1.0,0.0,NA,NA,1,1.0,1,NA,
NYT11,re,en,nyt11,True,12,12,12,NA,12,False,NA,NA,0,False,1,1.0,0.0,NA,NA,1,1.0,1,NA,
New-York-Times-RE,re,en,new_york_times_re,True,24,24,24,NA,24,False,NA,NA,0,False,1,1.0,0.0,NA,NA,1,1.0,1,NA,
SciERC,re,en,scierc,True,7,7,7,NA,7,False,NA,NA,0,False,1,1.0,0.0,NA,NA,1,1.0,1,NA,
conll04,re,en,conll04,True,5,5,5,3,5,True,NA,NA,0,False,1,1.0,0.0,0.0,1,1,2.6667,3,1.6667,
kbp37,re,en,kbp37,True,18,18,18,NA,18,False,NA,NA,0,False,1,1.0,0.0,NA,NA,1,1.0,1,NA,
SemEval2010_task8,re,en,semeval2010,True,11,11,11,NA,11,False,NA,NA,0,False,1,1.0,0.0,NA,NA,1,1.0,1,NA,
CASIE,ee,en,casie,True,5,48,NA,NA,0,False,5,26,48,False,NA,NA,NA,NA,NA,1,3.0968,11,0.1032,True
CrudeOilNews,ee,en,crudeoilnews,True,18,104,NA,NA,0,False,18,20,104,False,NA,NA,NA,NA,NA,2,5.4737,15,0.1479,True
PHEE,ee,en,phee,True,2,32,NA,NA,0,False,2,16,32,False,NA,NA,NA,NA,NA,1,3.5556,16,0.2092,True
RAMS,ee,en,rams,True,106,398,NA,NA,0,False,106,62,398,False,NA,NA,NA,NA,NA,1,4.7381,82,0.0284,True
WikiEvents,ee,en,wikievents,True,31,81,NA,NA,0,False,31,43,81,False,NA,NA,NA,NA,NA,8,2.1892,13,0.03,True
ccf_law,ee,zh,ccf_law,True,9,39,NA,NA,0,False,9,21,39,False,NA,NA,NA,NA,NA,1,2.6,8,0.0897,True
DuEE1.0,ee,zh,duee1.0,True,65,217,NA,NA,0,False,65,121,217,False,NA,NA,NA,NA,NA,1,2.3333,65,0.0126,True
DuEE-fin,ee,zh,duee_fin,True,13,91,NA,NA,0,False,13,60,91,False,NA,NA,NA,NA,NA,1,2.4932,11,0.0346,True
FewFC,ee,zh,fewfc,True,5,29,NA,NA,0,False,5,29,29,False,NA,NA,NA,NA,NA,5,1.7059,8,0.0517,True
