dataset,other_dataset,task,metric,jaccard,overlap,union
instructIE_en,GIDS,re,rel_type,0.0217,2,92
instructIE_en,NYT11,re,rel_type,0.02,2,100
instructIE_en,kbp37,re,rel_type,0.0189,2,106
instructIE_en,New-York-Times-RE,re,rel_type,0.0179,2,112
instructIE_en,instructIE_zh,re,rel_type,0.0,0,179
instructIE_zh,duIE_zh,re,rel_type,0.0703,9,128
instructIE_zh,SKE2020,re,rel_type,0.0703,9,128
instructIE_zh,COAE2016,re,rel_type,0.019,2,105
instructIE_zh,CMeIE,re,rel_type,0.0153,2,131
instructIE_zh,instructIE_en,re,rel_type,0.0,0,179
duIE_zh,SKE2020,re,rel_type,0.7143,40,56
duIE_zh,instructIE_zh,re,rel_type,0.0703,9,128
duIE_zh,COAE2016,re,rel_type,0.0476,3,63
duIE_zh,instructIE_en,re,rel_type,0.0,0,138
duIE_zh,CMeIE,re,rel_type,0.0,0,92
CMeIE,instructIE_zh,re,rel_type,0.0153,2,131
CMeIE,instructIE_en,re,rel_type,0.0,0,134
CMeIE,duIE_zh,re,rel_type,0.0,0,92
CMeIE,COAE2016,re,rel_type,0.0,0,62
CMeIE,IPRE,re,rel_type,0.0,0,114
COAE2016,SKE2020,re,rel_type,0.082,5,61
COAE2016,duIE_zh,re,rel_type,0.0476,3,63
COAE2016,instructIE_zh,re,rel_type,0.019,2,105
COAE2016,instructIE_en,re,rel_type,0.0,0,108
COAE2016,CMeIE,re,rel_type,0.0,0,62
IPRE,instructIE_en,re,rel_type,0.0,0,160
IPRE,instructIE_zh,re,rel_type,0.0,0,159
IPRE,duIE_zh,re,rel_type,0.0,0,118
IPRE,CMeIE,re,rel_type,0.0,0,114
IPRE,COAE2016,re,rel_type,0.0,0,88
SKE2020,duIE_zh,re,rel_type,0.7143,40,56
SKE2020,COAE2016,re,rel_type,0.082,5,61
SKE2020,instructIE_zh,re,rel_type,0.0703,9,128
SKE2020,instructIE_en,re,rel_type,0.0,0,138
SKE2020,CMeIE,re,rel_type,0.0,0,92
ADE_corpus,instructIE_en,re,rel_type,0.0,0,91
ADE_corpus,instructIE_zh,re,rel_type,0.0,0,90
ADE_corpus,duIE_zh,re,rel_type,0.0,0,49
ADE_corpus,CMeIE,re,rel_type,0.0,0,45
ADE_corpus,COAE2016,re,rel_type,0.0,0,19
GIDS,NYT11,re,rel_type,0.1429,2,14
GIDS,New-York-Times-RE,re,rel_type,0.0769,2,26
GIDS,instructIE_en,re,rel_type,0.0217,2,92
GIDS,instructIE_zh,re,rel_type,0.0,0,93
GIDS,duIE_zh,re,rel_type,0.0,0,52
NYT11,New-York-Times-RE,re,rel_type,0.3846,10,26
NYT11,GIDS,re,rel_type,0.1429,2,14
NYT11,instructIE_en,re,rel_type,0.02,2,100
NYT11,instructIE_zh,re,rel_type,0.0,0,101
NYT11,duIE_zh,re,rel_type,0.0,0,60
New-York-Times-RE,NYT11,re,rel_type,0.3846,10,26
New-York-Times-RE,GIDS,re,rel_type,0.0769,2,26
New-York-Times-RE,instructIE_en,re,rel_type,0.0179,2,112
New-York-Times-RE,instructIE_zh,re,rel_type,0.0,0,113
New-York-Times-RE,duIE_zh,re,rel_type,0.0,0,72
SciERC,instructIE_en,re,rel_type,0.0,0,97
SciERC,instructIE_zh,re,rel_type,0.0,0,96
SciERC,duIE_zh,re,rel_type,0.0,0,55
SciERC,CMeIE,re,rel_type,0.0,0,51
SciERC,COAE2016,re,rel_type,0.0,0,25
conll04,instructIE_en,re,rel_type,0.0,0,95
conll04,instructIE_zh,re,rel_type,0.0,0,94
conll04,duIE_zh,re,rel_type,0.0,0,53
conll04,CMeIE,re,rel_type,0.0,0,49
conll04,COAE2016,re,rel_type,0.0,0,23
kbp37,instructIE_en,re,rel_type,0.0189,2,106
kbp37,instructIE_zh,re,rel_type,0.0,0,107
kbp37,duIE_zh,re,rel_type,0.0,0,66
kbp37,CMeIE,re,rel_type,0.0,0,62
kbp37,COAE2016,re,rel_type,0.0,0,36
SemEval2010_task8,instructIE_en,re,rel_type,0.0,0,101
SemEval2010_task8,instructIE_zh,re,rel_type,0.0,0,100
SemEval2010_task8,duIE_zh,re,rel_type,0.0,0,59
SemEval2010_task8,CMeIE,re,rel_type,0.0,0,55
SemEval2010_task8,COAE2016,re,rel_type,0.0,0,29
CASIE,CrudeOilNews,ee,event_type,0.0,0,23
CASIE,PHEE,ee,event_type,0.0,0,7
CASIE,RAMS,ee,event_type,0.0,0,111
CASIE,WikiEvents,ee,event_type,0.0,0,36
CASIE,ccf_law,ee,event_type,0.0,0,14
CrudeOilNews,CASIE,ee,event_type,0.0,0,23
CrudeOilNews,PHEE,ee,event_type,0.0,0,20
CrudeOilNews,RAMS,ee,event_type,0.0,0,124
CrudeOilNews,WikiEvents,ee,event_type,0.0,0,49
CrudeOilNews,ccf_law,ee,event_type,0.0,0,27
PHEE,CASIE,ee,event_type,0.0,0,7
PHEE,CrudeOilNews,ee,event_type,0.0,0,20
PHEE,RAMS,ee,event_type,0.0,0,108
PHEE,WikiEvents,ee,event_type,0.0,0,33
PHEE,ccf_law,ee,event_type,0.0,0,11
RAMS,CASIE,ee,event_type,0.0,0,111
RAMS,CrudeOilNews,ee,event_type,0.0,0,124
RAMS,PHEE,ee,event_type,0.0,0,108
RAMS,WikiEvents,ee,event_type,0.0,0,137
RAMS,ccf_law,ee,event_type,0.0,0,115
WikiEvents,CASIE,ee,event_type,0.0,0,36
WikiEvents,CrudeOilNews,ee,event_type,0.0,0,49
WikiEvents,PHEE,ee,event_type,0.0,0,33
WikiEvents,RAMS,ee,event_type,0.0,0,137
WikiEvents,ccf_law,ee,event_type,0.0,0,40
ccf_law,CASIE,ee,event_type,0.0,0,14
ccf_law,CrudeOilNews,ee,event_type,0.0,0,27
ccf_law,PHEE,ee,event_type,0.0,0,11
ccf_law,RAMS,ee,event_type,0.0,0,115
ccf_law,WikiEvents,ee,event_type,0.0,0,40
DuEE1.0,CASIE,ee,event_type,0.0,0,70
DuEE1.0,CrudeOilNews,ee,event_type,0.0,0,83
DuEE1.0,PHEE,ee,event_type,0.0,0,67
DuEE1.0,RAMS,ee,event_type,0.0,0,171
DuEE1.0,WikiEvents,ee,event_type,0.0,0,96
DuEE-fin,FewFC,ee,event_type,0.0588,1,17
DuEE-fin,CASIE,ee,event_type,0.0,0,18
DuEE-fin,CrudeOilNews,ee,event_type,0.0,0,31
DuEE-fin,PHEE,ee,event_type,0.0,0,15
DuEE-fin,RAMS,ee,event_type,0.0,0,119
FewFC,DuEE-fin,ee,event_type,0.0588,1,17
FewFC,CASIE,ee,event_type,0.0,0,10
FewFC,CrudeOilNews,ee,event_type,0.0,0,23
FewFC,PHEE,ee,event_type,0.0,0,7
FewFC,RAMS,ee,event_type,0.0,0,111
CASIE,RAMS,ee,role_type,0.0353,3,85
CASIE,CrudeOilNews,ee,role_type,0.0,0,46
CASIE,PHEE,ee,role_type,0.0,0,42
CASIE,WikiEvents,ee,role_type,0.0,0,69
CASIE,ccf_law,ee,role_type,0.0,0,47
CrudeOilNews,WikiEvents,ee,role_type,0.0161,1,62
CrudeOilNews,CASIE,ee,role_type,0.0,0,46
CrudeOilNews,PHEE,ee,role_type,0.0,0,36
CrudeOilNews,RAMS,ee,role_type,0.0,0,82
CrudeOilNews,ccf_law,ee,role_type,0.0,0,41
PHEE,CASIE,ee,role_type,0.0,0,42
PHEE,CrudeOilNews,ee,role_type,0.0,0,36
PHEE,RAMS,ee,role_type,0.0,0,78
PHEE,WikiEvents,ee,role_type,0.0,0,59
PHEE,ccf_law,ee,role_type,0.0,0,37
RAMS,CASIE,ee,role_type,0.0353,3,85
RAMS,CrudeOilNews,ee,role_type,0.0,0,82
RAMS,PHEE,ee,role_type,0.0,0,78
RAMS,WikiEvents,ee,role_type,0.0,0,105
RAMS,ccf_law,ee,role_type,0.0,0,83
WikiEvents,CrudeOilNews,ee,role_type,0.0161,1,62
WikiEvents,CASIE,ee,role_type,0.0,0,69
WikiEvents,PHEE,ee,role_type,0.0,0,59
WikiEvents,RAMS,ee,role_type,0.0,0,105
WikiEvents,ccf_law,ee,role_type,0.0,0,64
ccf_law,FewFC,ee,role_type,0.0417,2,48
ccf_law,DuEE1.0,ee,role_type,0.029,4,138
ccf_law,CASIE,ee,role_type,0.0,0,47
ccf_law,CrudeOilNews,ee,role_type,0.0,0,41
ccf_law,PHEE,ee,role_type,0.0,0,37
DuEE1.0,ccf_law,ee,role_type,0.029,4,138
DuEE1.0,DuEE-fin,ee,role_type,0.0226,4,177
DuEE1.0,FewFC,ee,role_type,0.0204,3,147
DuEE1.0,CASIE,ee,role_type,0.0,0,147
DuEE1.0,CrudeOilNews,ee,role_type,0.0,0,141
DuEE-fin,FewFC,ee,role_type,0.0471,4,85
DuEE-fin,DuEE1.0,ee,role_type,0.0226,4,177
DuEE-fin,CASIE,ee,role_type,0.0,0,86
DuEE-fin,CrudeOilNews,ee,role_type,0.0,0,80
DuEE-fin,PHEE,ee,role_type,0.0,0,76
FewFC,DuEE-fin,ee,role_type,0.0471,4,85
FewFC,ccf_law,ee,role_type,0.0417,2,48
FewFC,DuEE1.0,ee,role_type,0.0204,3,147
FewFC,CASIE,ee,role_type,0.0,0,55
FewFC,CrudeOilNews,ee,role_type,0.0,0,49
