dataset,task,lang,support_edge_count,support_min,support_median,support_p90,support_p99,support_max,support_gini,support_entropy,rare_edge_ratio,rare_threshold,schema_edges
instructIE_en,re,en,103,1,32,108,192,197,0.526,6.0154,0.1068,5,116
instructIE_zh,re,zh,106,1,29.5,128,192,197,0.5291,6.052,0.0849,5,115
duIE_zh,re,zh,55,21,2983,13699,27689,27689,0.5731,4.9692,0.0,5,55
CMeIE,re,zh,53,2,178,1363,4762,4762,0.6611,4.5518,0.0377,5,53
COAE2016,re,zh,9,10,100,200,200,200,0.3579,2.836,0.0,5,18
IPRE,re,zh,35,1,15,286,698,698,0.7501,3.5492,0.2857,5,70
SKE2020,re,zh,49,1,65,389,683,683,0.6073,4.6882,0.0816,5,49
ADE_corpus,re,en,1,4271,4271,4271,4271,4271,0.0,0.0,0.0,5,1
GIDS,re,en,4,2969,3412.5,4454,4454,4454,0.0802,1.9835,0.0,5,4
NYT11,re,en,12,420,4863.0,6841,26950,26950,0.4671,2.9458,0.0,5,12
New-York-Times-RE,re,en,109,1,15,1812,7015,37425,0.9201,3.326,0.367,5,24
SciERC,re,en,7,203,230,1437,1437,1437,0.3954,2.3266,0.0,5,7
conll04,re,en,5,226,316,399,399,399,0.0989,2.2983,0.0,5,5
kbp37,re,en,18,342,905.5,2149,4279,4279,0.3694,3.8227,0.0,5,18
SemEval2010_task8,re,en,10,654,960.0,1325,1862,1862,0.1634,3.2576,0.0,5,11
CASIE,ee,en,48,5,250.0,1016,1532,1532,0.5176,4.9341,0.0,5,48
CrudeOilNews,ee,en,104,1,5.0,30,100,100,0.6601,5.5002,0.4615,5,104
PHEE,ee,en,32,13,264.5,2177,5217,5217,0.7125,3.5616,0.0,5,32
RAMS,ee,en,329,1,4,8,18,31,0.3761,8.0071,0.6231,5,398
WikiEvents,ee,en,36,1,2.0,26,49,49,0.6299,4.1282,0.5556,5,81
ccf_law,ee,zh,39,1,127,899,997,997,0.5975,4.3626,0.1026,5,39
DuEE1.0,ee,zh,217,1,70,324,1458,2085,0.6301,6.6085,0.0138,5,217
DuEE-fin,ee,zh,91,13,319,792,1421,1421,0.446,6.0316,0.0,5,91
FewFC,ee,zh,29,27,252,632,890,890,0.3873,4.5044,0.0,5,29
